{"mean":{"confidence_interval":{"confidence_level":0.95,"lower_bound":4525296.191428572,"upper_bound":4651516.172857143},"point_estimate":4590429.718571428,"standard_error":32398.67848309285},"median":{"confidence_interval":{"confidence_level":0.95,"lower_bound":4573310.25,"upper_bound":4690679.714285715},"point_estimate":4644433.392857143,"standard_error":27985.263891066836},"median_abs_dev":{"confidence_interval":{"confidence_level":0.95,"lower_bound":187335.5081741291,"upper_bound":334857.17075509677},"point_estimate":262875.5653330263,"standard_error":37915.58596745725},"slope":null,"std_dev":{"confidence_interval":{"confidence_level":0.95,"lower_bound":271502.21266664687,"upper_bound":379345.4551838379},"point_estimate":328954.7742627086,"standard_error":27824.25485623871}}