{"mean":{"confidence_interval":{"confidence_level":0.95,"lower_bound":-0.05504487257085199,"upper_bound":-0.03070555852727336},"point_estimate":-0.043100925416062696,"standard_error":0.0061894124541348764},"median":{"confidence_interval":{"confidence_level":0.95,"lower_bound":-0.050747649797646566,"upper_bound":-0.027166507581343424},"point_estimate":-0.03663904221288028,"standard_error":0.006141296238325309}}