{"mean":{"confidence_interval":{"confidence_level":0.95,"lower_bound":2190361.662173913,"upper_bound":2288651.356086957},"point_estimate":2238111.3665217385,"standard_error":25174.09235003063},"median":{"confidence_interval":{"confidence_level":0.95,"lower_bound":2036585.4347826086,"upper_bound":2260906.347826087},"point_estimate":2166745.2173913047,"standard_error":54539.11953155087},"median_abs_dev":{"confidence_interval":{"confidence_level":0.95,"lower_bound":37490.118769199995,"upper_bound":334648.95294140227},"point_estimate":214455.92675351628,"standard_error":71389.19504890231},"slope":null,"std_dev":{"confidence_interval":{"confidence_level":0.95,"lower_bound":210388.8279430789,"upper_bound":291303.52648832015},"point_estimate":252758.5712461385,"standard_error":20665.008569220237}}