{"mean":{"confidence_interval":{"confidence_level":0.95,"lower_bound":-0.9690617384298138,"upper_bound":-0.9684184169038775},"point_estimate":-0.9687309710021954,"standard_error":0.00016518984842683022},"median":{"confidence_interval":{"confidence_level":0.95,"lower_bound":-0.9692530447331158,"upper_bound":-0.9685332138320013},"point_estimate":-0.9689076014330646,"standard_error":0.0002018266282972954}}