{"mean":{"confidence_interval":{"confidence_level":0.95,"lower_bound":4755481329.09,"upper_bound":4778184453.30475},"point_estimate":4766552394.44,"standard_error":5793018.879593714},"median":{"confidence_interval":{"confidence_level":0.95,"lower_bound":4740794601.0,"upper_bound":4771528171.5},"point_estimate":4760732266.5,"standard_error":8391395.74397869},"median_abs_dev":{"confidence_interval":{"confidence_level":0.95,"lower_bound":39080165.53478837,"upper_bound":64319160.263171576},"point_estimate":50265464.606809616,"standard_error":6488949.259878002},"slope":null,"std_dev":{"confidence_interval":{"confidence_level":0.95,"lower_bound":47320423.19056544,"upper_bound":69041426.76806062},"point_estimate":58608401.24315688,"standard_error":5538118.985703775}}