{"mean":{"confidence_interval":{"confidence_level":0.95,"lower_bound":5389453.391999997,"upper_bound":5499996.290000003},"point_estimate":5445547.698999997,"standard_error":28182.229608684378},"median":{"confidence_interval":{"confidence_level":0.95,"lower_bound":5403251.3,"upper_bound":5509399.2},"point_estimate":5451375.95,"standard_error":25001.449395473745},"median_abs_dev":{"confidence_interval":{"confidence_level":0.95,"lower_bound":157994.60053503432,"upper_bound":335618.6764615763},"point_estimate":269567.8098142147,"standard_error":42901.74495452441},"slope":null,"std_dev":{"confidence_interval":{"confidence_level":0.95,"lower_bound":238936.39276051332,"upper_bound":321412.3271771457},"point_estimate":282374.77064654906,"standard_error":20994.644684241106}}