{"mean":{"confidence_interval":{"confidence_level":0.95,"lower_bound":0.019212537845358462,"upper_bound":0.08501762986695224},"point_estimate":0.047110850775264224,"standard_error":0.016877305985989906},"median":{"confidence_interval":{"confidence_level":0.95,"lower_bound":0.008334016790239485,"upper_bound":0.05087211383839563},"point_estimate":0.03371258168750657,"standard_error":0.010906985272531682}}