{"mean":{"confidence_interval":{"confidence_level":0.95,"lower_bound":31016056.685,"upper_bound":31630428.816999998},"point_estimate":31326360.325,"standard_error":156802.94950828233},"median":{"confidence_interval":{"confidence_level":0.95,"lower_bound":31282550.5,"upper_bound":31728164.0},"point_estimate":31549664.5,"standard_error":100692.61918827704},"median_abs_dev":{"confidence_interval":{"confidence_level":0.95,"lower_bound":657571.6359257698,"upper_bound":1124360.4539886117},"point_estimate":878017.2021120787,"standard_error":118828.51789027051},"slope":null,"std_dev":{"confidence_interval":{"confidence_level":0.95,"lower_bound":1174400.0965254195,"upper_bound":1929807.9481211666},"point_estimate":1577240.6192765392,"standard_error":192670.4287600452}}