{"mean":{"confidence_interval":{"confidence_level":0.95,"lower_bound":245998808.31925,"upper_bound":253160993.3055},"point_estimate":249600328.9,"standard_error":1823464.9270842164},"median":{"confidence_interval":{"confidence_level":0.95,"lower_bound":245672474.0,"upper_bound":252999670.0},"point_estimate":249482141.5,"standard_error":1970624.0411724616},"median_abs_dev":{"confidence_interval":{"confidence_level":0.95,"lower_bound":10543970.060107112,"upper_bound":16838368.004004203},"point_estimate":13970366.087776423,"standard_error":1525771.1283795484},"slope":null,"std_dev":{"confidence_interval":{"confidence_level":0.95,"lower_bound":13698206.523454515,"upper_bound":22445030.037670992},"point_estimate":18222540.981070716,"standard_error":2242527.077563303}}