{"mean":{"confidence_interval":{"confidence_level":0.95,"lower_bound":243886665.84524998,"upper_bound":249184740.34725},"point_estimate":246553029.98,"standard_error":1357384.0814851318},"median":{"confidence_interval":{"confidence_level":0.95,"lower_bound":242690935.0,"upper_bound":250471865.5},"point_estimate":247279686.5,"standard_error":2022813.137446311},"median_abs_dev":{"confidence_interval":{"confidence_level":0.95,"lower_bound":9628539.447659254,"upper_bound":14968218.139261007},"point_estimate":12106393.216368556,"standard_error":1387918.79309948},"slope":null,"std_dev":{"confidence_interval":{"confidence_level":0.95,"lower_bound":11298598.402503027,"upper_bound":15847023.641671352},"point_estimate":13636487.911650833,"standard_error":1166312.393423114}}