{"mean":{"confidence_interval":{"confidence_level":0.95,"lower_bound":-0.4415184209116533,"upper_bound":0.504703852696035},"point_estimate":-0.07020991899111617,"standard_error":0.24395435457677103},"median":{"confidence_interval":{"confidence_level":0.95,"lower_bound":-0.43846984387623744,"upper_bound":0.5210511428411586},"point_estimate":-0.016178991938124887,"standard_error":0.24128641087521405}}