{"mean":{"confidence_interval":{"confidence_level":0.95,"lower_bound":755090.5461600818,"upper_bound":797296.5577661069},"point_estimate":775450.6173799846,"standard_error":10748.024644883999},"median":{"confidence_interval":{"confidence_level":0.95,"lower_bound":730086.5014247312,"upper_bound":765141.6846153847},"point_estimate":748439.2864514713,"standard_error":9600.973851753986},"median_abs_dev":{"confidence_interval":{"confidence_level":0.95,"lower_bound":69016.23252657455,"upper_bound":111866.28763592137},"point_estimate":93734.51510132801,"standard_error":10788.66165543371},"slope":{"confidence_interval":{"confidence_level":0.95,"lower_bound":720630.4607081418,"upper_bound":749167.9172618759},"point_estimate":734280.2106605585,"standard_error":7306.948265055434},"std_dev":{"confidence_interval":{"confidence_level":0.95,"lower_bound":83500.80140136638,"upper_bound":130158.20717965366},"point_estimate":107769.49425942161,"standard_error":11944.54120111911}}