{"mean":{"confidence_interval":{"confidence_level":0.95,"lower_bound":4932050.9533653855,"upper_bound":5197292.540000001},"point_estimate":5059092.064615384,"standard_error":67862.44349178989},"median":{"confidence_interval":{"confidence_level":0.95,"lower_bound":4708517.192307692,"upper_bound":4853554.153846154},"point_estimate":4775602.692307692,"standard_error":45550.3878213463},"median_abs_dev":{"confidence_interval":{"confidence_level":0.95,"lower_bound":201129.28433693352,"upper_bound":438613.67063689645},"point_estimate":311677.52663584804,"standard_error":68927.85382262824},"slope":null,"std_dev":{"confidence_interval":{"confidence_level":0.95,"lower_bound":532641.596159003,"upper_bound":811598.7488648742},"point_estimate":686292.9657877672,"standard_error":71342.22153250649}}