{"mean":{"confidence_interval":{"confidence_level":0.95,"lower_bound":5171985627.09,"upper_bound":5195410874.39},"point_estimate":5183591330.2,"standard_error":5984567.974221926},"median":{"confidence_interval":{"confidence_level":0.95,"lower_bound":5164359760.0,"upper_bound":5194432433.0},"point_estimate":5180262615.0,"standard_error":8781194.719613597},"median_abs_dev":{"confidence_interval":{"confidence_level":0.95,"lower_bound":41974638.7917012,"upper_bound":77636549.99657571},"point_estimate":54213805.50741255,"standard_error":9009177.679519013},"slope":null,"std_dev":{"confidence_interval":{"confidence_level":0.95,"lower_bound":52199239.80859416,"upper_bound":67534876.68154424},"point_estimate":60333592.10241574,"standard_error":3924447.850816278}}