{"mean":{"confidence_interval":{"confidence_level":0.95,"lower_bound":7739873.29082143,"upper_bound":7943923.515142853},"point_estimate":7834542.604285712,"standard_error":52106.28741141587},"median":{"confidence_interval":{"confidence_level":0.95,"lower_bound":7626698.0,"upper_bound":7862407.285714285},"point_estimate":7756087.928571428,"standard_error":59410.59868426915},"median_abs_dev":{"confidence_interval":{"confidence_level":0.95,"lower_bound":289184.6195659469,"upper_bound":526524.5421798201},"point_estimate":374299.51915485575,"standard_error":60452.25065773242},"slope":null,"std_dev":{"confidence_interval":{"confidence_level":0.95,"lower_bound":352330.41512629937,"upper_bound":726058.4202423359},"point_estimate":524170.80887516646,"standard_error":109607.35471707454}}