{"mean":{"confidence_interval":{"confidence_level":0.95,"lower_bound":148983520.95549998,"upper_bound":153480868.62},"point_estimate":151197832.49,"standard_error":1143439.1051893337},"median":{"confidence_interval":{"confidence_level":0.95,"lower_bound":146963052.5,"upper_bound":152632963.5},"point_estimate":149642354.5,"standard_error":1353153.9618834588},"median_abs_dev":{"confidence_interval":{"confidence_level":0.95,"lower_bound":7977136.571377516,"upper_bound":13637075.945768502},"point_estimate":10630089.84477818,"standard_error":1514100.416762012},"slope":null,"std_dev":{"confidence_interval":{"confidence_level":0.95,"lower_bound":9728056.796806335,"upper_bound":13196945.779137207},"point_estimate":11507611.96260066,"standard_error":882550.6058427871}}