{"mean":{"confidence_interval":{"confidence_level":0.95,"lower_bound":14767911.822124999,"upper_bound":19702602.202187497},"point_estimate":17025246.9175,"standard_error":1268093.973921771},"median":{"confidence_interval":{"confidence_level":0.95,"lower_bound":12419888.625,"upper_bound":15908745.25},"point_estimate":14134921.125,"standard_error":864721.5236327114},"median_abs_dev":{"confidence_interval":{"confidence_level":0.95,"lower_bound":5249299.026556313,"upper_bound":9702300.09362474},"point_estimate":7121206.958348304,"standard_error":1226874.6265584158},"slope":null,"std_dev":{"confidence_interval":{"confidence_level":0.95,"lower_bound":7768142.4612027155,"upper_bound":18040035.6305679},"point_estimate":12725023.257629048,"standard_error":2887147.5520032877}}