{"mean":{"confidence_interval":{"confidence_level":0.95,"lower_bound":-0.864166946645728,"upper_bound":-0.8612669768593072},"point_estimate":-0.8627821791682351,"standard_error":0.0007436625447915982},"median":{"confidence_interval":{"confidence_level":0.95,"lower_bound":-0.8647055734522748,"upper_bound":-0.8611771846115434},"point_estimate":-0.8632278981109391,"standard_error":0.0009077935423126476}}