{"mean":{"confidence_interval":{"confidence_level":0.95,"lower_bound":-0.07971579967327463,"upper_bound":-0.03497955333324479},"point_estimate":-0.05697766616283306,"standard_error":0.01144079000527957},"median":{"confidence_interval":{"confidence_level":0.95,"lower_bound":-0.02581021054961874,"upper_bound":-0.000544657383495295},"point_estimate":-0.012496103011661819,"standard_error":0.006666899745340607}}