{"mean":{"confidence_interval":{"confidence_level":0.95,"lower_bound":19116712855333.5,"upper_bound":19151269762572.8},"point_estimate":19132138087633.0,"standard_error":8904034882.897707},"median":{"confidence_interval":{"confidence_level":0.95,"lower_bound":19110226639382.5,"upper_bound":19151978943641.0},"point_estimate":19122056672389.5,"standard_error":10396822110.835495},"median_abs_dev":{"confidence_interval":{"confidence_level":0.95,"lower_bound":4153906981.5171094,"upper_bound":46630669952.42882},"point_estimate":20399612404.475285,"standard_error":10480357232.417143},"slope":null,"std_dev":{"confidence_interval":{"confidence_level":0.95,"lower_bound":11180033043.397692,"upper_bound":41237257801.77697},"point_estimate":29965966968.327232,"standard_error":8253953844.301152}}