{"mean":{"confidence_interval":{"confidence_level":0.95,"lower_bound":4113178.0625,"upper_bound":4281265.05},"point_estimate":4194837.91375,"standard_error":42891.05549933218},"median":{"confidence_interval":{"confidence_level":0.95,"lower_bound":4110679.15625,"upper_bound":4229030.53125},"point_estimate":4182656.875,"standard_error":30265.470558483827},"median_abs_dev":{"confidence_interval":{"confidence_level":0.95,"lower_bound":206932.94616870585,"upper_bound":387177.78626997024},"point_estimate":321707.7466947958,"standard_error":46055.44620932239},"slope":null,"std_dev":{"confidence_interval":{"confidence_level":0.95,"lower_bound":322480.807188533,"upper_bound":539850.3595509636},"point_estimate":430112.2131989852,"standard_error":56504.25745654943}}