{"mean":{"confidence_interval":{"confidence_level":0.95,"lower_bound":22370915.9245,"upper_bound":23030051.822333332},"point_estimate":22705567.60666668,"standard_error":167055.973413667},"median":{"confidence_interval":{"confidence_level":0.95,"lower_bound":22503264.0,"upper_bound":23269957.666666668},"point_estimate":22886548.5,"standard_error":179449.30824918576},"median_abs_dev":{"confidence_interval":{"confidence_level":0.95,"lower_bound":1207622.897860405,"upper_bound":1885326.2646287726},"point_estimate":1608152.4698495865,"standard_error":169041.76088990993},"slope":null,"std_dev":{"confidence_interval":{"confidence_level":0.95,"lower_bound":1421183.2878303828,"upper_bound":1935418.1069163491},"point_estimate":1697268.0207094578,"standard_error":131167.33836741623}}