{"mean":{"confidence_interval":{"confidence_level":0.95,"lower_bound":0.04388456588115601,"upper_bound":0.11795979709235967},"point_estimate":0.08062279645457471,"standard_error":0.018981709442478418},"median":{"confidence_interval":{"confidence_level":0.95,"lower_bound":0.03282010781672273,"upper_bound":0.13381838594102513},"point_estimate":0.06936988518960874,"standard_error":0.02246224456123683}}