{"mean":{"confidence_interval":{"confidence_level":0.95,"lower_bound":1582980591.88,"upper_bound":1622221467.00425},"point_estimate":1601892374.58,"standard_error":9982808.895745138},"median":{"confidence_interval":{"confidence_level":0.95,"lower_bound":1558976413.5,"upper_bound":1599956103.5},"point_estimate":1587655310.0,"standard_error":10526498.758316882},"median_abs_dev":{"confidence_interval":{"confidence_level":0.95,"lower_bound":64496083.32876563,"upper_bound":109301823.12410474},"point_estimate":92852795.99193335,"standard_error":11318421.85622742},"slope":null,"std_dev":{"confidence_interval":{"confidence_level":0.95,"lower_bound":82026749.83939373,"upper_bound":115586030.8064665},"point_estimate":99824980.80248676,"standard_error":8587786.970871564}}