{"mean":{"confidence_interval":{"confidence_level":0.95,"lower_bound":368479698.1785,"upper_bound":381707503.77},"point_estimate":374977147.24,"standard_error":3406570.561991951},"median":{"confidence_interval":{"confidence_level":0.95,"lower_bound":355298906.0,"upper_bound":365345180.0},"point_estimate":358830944.5,"standard_error":2749863.0014254902},"median_abs_dev":{"confidence_interval":{"confidence_level":0.95,"lower_bound":12589198.191297054,"upper_bound":27528977.839162946},"point_estimate":18499767.57006347,"standard_error":4148043.308858678},"slope":null,"std_dev":{"confidence_interval":{"confidence_level":0.95,"lower_bound":28762879.692976445,"upper_bound":38878482.512446545},"point_estimate":34330998.869873956,"standard_error":2581384.9345065784}}