{"mean":{"confidence_interval":{"confidence_level":0.95,"lower_bound":376705381.7,"upper_bound":397826105.58975},"point_estimate":386973995.64,"standard_error":5382580.0263555655},"median":{"confidence_interval":{"confidence_level":0.95,"lower_bound":353250998.0,"upper_bound":366810461.0},"point_estimate":356492788.0,"standard_error":3845863.8689883426},"median_abs_dev":{"confidence_interval":{"confidence_level":0.95,"lower_bound":12810344.285970926,"upper_bound":34292472.898086905},"point_estimate":18850127.44154334,"standard_error":6011641.623249136},"slope":null,"std_dev":{"confidence_interval":{"confidence_level":0.95,"lower_bound":45280576.256720185,"upper_bound":61145122.5872631},"point_estimate":54029420.53407404,"standard_error":4032747.2051616535}}