{"mean":{"confidence_interval":{"confidence_level":0.95,"lower_bound":1692464627.95,"upper_bound":2025997171.707},"point_estimate":1856439561.86,"standard_error":85172561.54275085},"median":{"confidence_interval":{"confidence_level":0.95,"lower_bound":1498883545.5,"upper_bound":1996302547.0},"point_estimate":1667051027.0,"standard_error":134866461.71713775},"median_abs_dev":{"confidence_interval":{"confidence_level":0.95,"lower_bound":700349046.486809,"upper_bound":1192294258.9262457},"point_estimate":920893230.553177,"standard_error":128676491.25672981},"slope":null,"std_dev":{"confidence_interval":{"confidence_level":0.95,"lower_bound":746181635.4310288,"upper_bound":956596792.486963},"point_estimate":855611725.1298345,"standard_error":53872518.216064885}}