{"mean":{"confidence_interval":{"confidence_level":0.95,"lower_bound":30697341724.0665,"upper_bound":30773021288.791252},"point_estimate":30735785633.58,"standard_error":19219417.170347866},"median":{"confidence_interval":{"confidence_level":0.95,"lower_bound":30719154155.0,"upper_bound":30779384107.0},"point_estimate":30749083856.0,"standard_error":16507429.913827024},"median_abs_dev":{"confidence_interval":{"confidence_level":0.95,"lower_bound":131513339.77357149,"upper_bound":212651210.47008634},"point_estimate":173022247.21164107,"standard_error":20554350.4422226},"slope":null,"std_dev":{"confidence_interval":{"confidence_level":0.95,"lower_bound":160201178.10303104,"upper_bound":223118363.35656413},"point_estimate":192523055.695849,"standard_error":16167673.301794285}}