{"mean":{"confidence_interval":{"confidence_level":0.95,"lower_bound":1718225078.18,"upper_bound":1728185547.589},"point_estimate":1723169433.87,"standard_error":2544434.3401696687},"median":{"confidence_interval":{"confidence_level":0.95,"lower_bound":1714451245.0,"upper_bound":1727671983.0},"point_estimate":1722880575.0,"standard_error":2860952.3821271076},"median_abs_dev":{"confidence_interval":{"confidence_level":0.95,"lower_bound":20057783.697903156,"upper_bound":30579553.306004405},"point_estimate":26962309.596723318,"standard_error":2649149.0880685346},"slope":null,"std_dev":{"confidence_interval":{"confidence_level":0.95,"lower_bound":21800127.928702746,"upper_bound":28696533.239137623},"point_estimate":25460722.045457035,"standard_error":1757811.5955533343}}