{"mean":{"confidence_interval":{"confidence_level":0.95,"lower_bound":84887512.83,"upper_bound":85747055.04},"point_estimate":85296276.49,"standard_error":216666.0560451057},"median":{"confidence_interval":{"confidence_level":0.95,"lower_bound":84431031.0,"upper_bound":85757739.0},"point_estimate":85065923.0,"standard_error":330023.77265648614},"median_abs_dev":{"confidence_interval":{"confidence_level":0.95,"lower_bound":1546213.1494492292,"upper_bound":2590087.328016758},"point_estimate":1983242.850190401,"standard_error":280931.18533775763},"slope":null,"std_dev":{"confidence_interval":{"confidence_level":0.95,"lower_bound":1669345.2988639912,"upper_bound":2784401.9740421195},"point_estimate":2187822.7065615794,"standard_error":298841.0225883434}}