{"mean":{"confidence_interval":{"confidence_level":0.95,"lower_bound":21993177.97108334,"upper_bound":22805257.226666667},"point_estimate":22404438.47333333,"standard_error":208050.591878678},"median":{"confidence_interval":{"confidence_level":0.95,"lower_bound":22187027.0,"upper_bound":22996919.0},"point_estimate":22442809.5,"standard_error":235733.40662864677},"median_abs_dev":{"confidence_interval":{"confidence_level":0.95,"lower_bound":1200712.0051830998,"upper_bound":2131399.5597600946},"point_estimate":1636869.1958397646,"standard_error":248242.31233953848},"slope":null,"std_dev":{"confidence_interval":{"confidence_level":0.95,"lower_bound":1708703.56882898,"upper_bound":2447222.8979169186},"point_estimate":2095252.4946336073,"standard_error":188393.1065012233}}