{"mean":{"confidence_interval":{"confidence_level":0.95,"lower_bound":970450730.41,"upper_bound":995556281.01},"point_estimate":982530806.25,"standard_error":6357970.604600499},"median":{"confidence_interval":{"confidence_level":0.95,"lower_bound":950390272.0,"upper_bound":977951338.5},"point_estimate":963309267.5,"standard_error":8429846.528635444},"median_abs_dev":{"confidence_interval":{"confidence_level":0.95,"lower_bound":28534615.764409304,"upper_bound":55691900.60107112},"point_estimate":40582924.42030907,"standard_error":7289596.035414411},"slope":null,"std_dev":{"confidence_interval":{"confidence_level":0.95,"lower_bound":47682599.37274177,"upper_bound":78222868.52818339},"point_estimate":63725140.753987946,"standard_error":7840326.768059214}}