{"mean":{"confidence_interval":{"confidence_level":0.95,"lower_bound":4206219.5946875,"upper_bound":4249172.699645832},"point_estimate":4226979.803333334,"standard_error":10950.904823241199},"median":{"confidence_interval":{"confidence_level":0.95,"lower_bound":4178304.0,"upper_bound":4221763.166666667},"point_estimate":4198585.875,"standard_error":10034.318332744446},"median_abs_dev":{"confidence_interval":{"confidence_level":0.95,"lower_bound":59696.304166428105,"upper_bound":107513.02276626276},"point_estimate":85087.27733939874,"standard_error":12719.149349359031},"slope":null,"std_dev":{"confidence_interval":{"confidence_level":0.95,"lower_bound":83440.39081214345,"upper_bound":132796.73263427406},"point_estimate":109208.13290846345,"standard_error":12663.05512907384}}