{"mean":{"confidence_interval":{"confidence_level":0.95,"lower_bound":1328730516.84275,"upper_bound":1335443519.499},"point_estimate":1332048131.83,"standard_error":1707963.5722041724},"median":{"confidence_interval":{"confidence_level":0.95,"lower_bound":1327210264.0,"upper_bound":1334108763.0},"point_estimate":1330119148.5,"standard_error":1791445.947209147},"median_abs_dev":{"confidence_interval":{"confidence_level":0.95,"lower_bound":12551400.787568092,"upper_bound":21529466.546675563},"point_estimate":17420826.936918497,"standard_error":2319578.9077015026},"slope":null,"std_dev":{"confidence_interval":{"confidence_level":0.95,"lower_bound":14343411.349650603,"upper_bound":19825966.59138625},"point_estimate":17153599.30292951,"standard_error":1405787.668042135}}