{"mean":{"confidence_interval":{"confidence_level":0.95,"lower_bound":212177123.88,"upper_bound":269427695.85349995},"point_estimate":240403359.44,"standard_error":14627495.771947714},"median":{"confidence_interval":{"confidence_level":0.95,"lower_bound":178051822.0,"upper_bound":249108434.0},"point_estimate":215418889.5,"standard_error":16347878.871184045},"median_abs_dev":{"confidence_interval":{"confidence_level":0.95,"lower_bound":110872069.2191273,"upper_bound":181763776.7470479},"point_estimate":137814945.63669562,"standard_error":18718955.3859021},"slope":null,"std_dev":{"confidence_interval":{"confidence_level":0.95,"lower_bound":126800713.02627388,"upper_bound":164014245.8888358},"point_estimate":146930221.25718272,"standard_error":9465981.207625896}}