{"mean":{"confidence_interval":{"confidence_level":0.95,"lower_bound":4755901556.05,"upper_bound":4777675139.63},"point_estimate":4766694574.3,"standard_error":5520614.300973981},"median":{"confidence_interval":{"confidence_level":0.95,"lower_bound":4749250400.5,"upper_bound":4777926655.5},"point_estimate":4763135763.0,"standard_error":7388691.19352971},"median_abs_dev":{"confidence_interval":{"confidence_level":0.95,"lower_bound":36472819.26047802,"upper_bound":62779901.95313394},"point_estimate":49264288.566184044,"standard_error":6889980.836046269},"slope":null,"std_dev":{"confidence_interval":{"confidence_level":0.95,"lower_bound":44837524.15509499,"upper_bound":65866138.328822464},"point_estimate":55344424.79970694,"standard_error":5379556.817541012}}