{"mean":{"confidence_interval":{"confidence_level":0.95,"lower_bound":120512043342.3775,"upper_bound":121262085037.5725},"point_estimate":120893144870.4,"standard_error":192202146.24436373},"median":{"confidence_interval":{"confidence_level":0.95,"lower_bound":120377274480.5,"upper_bound":121562536860.0},"point_estimate":120874843315.5,"standard_error":251111182.57444295},"median_abs_dev":{"confidence_interval":{"confidence_level":0.95,"lower_bound":54349783.64659846,"upper_bound":1203119954.115951},"point_estimate":655909760.704574,"standard_error":317051659.66707253},"slope":null,"std_dev":{"confidence_interval":{"confidence_level":0.95,"lower_bound":356884754.78470886,"upper_bound":800761412.7626246},"point_estimate":639503257.0240921,"standard_error":115795820.8274778}}