{"mean":{"confidence_interval":{"confidence_level":0.95,"lower_bound":-0.08346541543271785,"upper_bound":0.10684278626101913},"point_estimate":0.004667715824878682,"standard_error":0.048648437476138714},"median":{"confidence_interval":{"confidence_level":0.95,"lower_bound":-0.11355161651425105,"upper_bound":0.14444756297592756},"point_estimate":-0.0034074161896561206,"standard_error":0.054267243260990694}}