{"mean":{"confidence_interval":{"confidence_level":0.95,"lower_bound":527462894.08000004,"upper_bound":556149805.9},"point_estimate":541359549.7,"standard_error":7374736.975937002},"median":{"confidence_interval":{"confidence_level":0.95,"lower_bound":521743972.5,"upper_bound":560885558.0},"point_estimate":538772212.5,"standard_error":9416990.564393306},"median_abs_dev":{"confidence_interval":{"confidence_level":0.95,"lower_bound":6641864.780983329,"upper_bound":43579962.460801005},"point_estimate":27336440.734881163,"standard_error":10078771.068584185},"slope":null,"std_dev":{"confidence_interval":{"confidence_level":0.95,"lower_bound":13380654.494552502,"upper_bound":30688865.87122864},"point_estimate":24569278.77717524,"standard_error":4386131.323680606}}