{"mean":{"confidence_interval":{"confidence_level":0.95,"lower_bound":0.04144679555074593,"upper_bound":0.10597177689569515},"point_estimate":0.06837849574505306,"standard_error":0.016663036429526105},"median":{"confidence_interval":{"confidence_level":0.95,"lower_bound":0.025367559141774354,"upper_bound":0.05591660703444634},"point_estimate":0.038091583248423655,"standard_error":0.008154133155593244}}