{"mean":{"confidence_interval":{"confidence_level":0.95,"lower_bound":30892208.2385,"upper_bound":31490222.605},"point_estimate":31194758.42,"standard_error":151285.12171868954},"median":{"confidence_interval":{"confidence_level":0.95,"lower_bound":31175675.0,"upper_bound":31684513.0},"point_estimate":31480066.5,"standard_error":133137.01879098456},"median_abs_dev":{"confidence_interval":{"confidence_level":0.95,"lower_bound":641838.655655086,"upper_bound":1099301.9198834896},"point_estimate":844486.7211073637,"standard_error":122549.3070049017},"slope":null,"std_dev":{"confidence_interval":{"confidence_level":0.95,"lower_bound":1156522.5023037419,"upper_bound":1836222.521476996},"point_estimate":1523506.2991777426,"standard_error":173044.45981991958}}