{"mean":{"confidence_interval":{"confidence_level":0.95,"lower_bound":269897477.633,"upper_bound":344837638.899},"point_estimate":306361426.11,"standard_error":19136345.478967637},"median":{"confidence_interval":{"confidence_level":0.95,"lower_bound":231093108.0,"upper_bound":314441606.0},"point_estimate":276389741.0,"standard_error":20285827.993337885},"median_abs_dev":{"confidence_interval":{"confidence_level":0.95,"lower_bound":143834718.88172328,"upper_bound":238372542.3760414},"point_estimate":188913876.79900825,"standard_error":24867669.19079807},"slope":null,"std_dev":{"confidence_interval":{"confidence_level":0.95,"lower_bound":158591812.15892464,"upper_bound":222731253.12775773},"point_estimate":191538993.80640605,"standard_error":16397265.806569222}}