{"mean":{"confidence_interval":{"confidence_level":0.95,"lower_bound":33188502.0,"upper_bound":34429320.71},"point_estimate":33782375.995,"standard_error":316742.9668788735},"median":{"confidence_interval":{"confidence_level":0.95,"lower_bound":32549050.0,"upper_bound":33507289.25},"point_estimate":32821060.75,"standard_error":205430.48074244751},"median_abs_dev":{"confidence_interval":{"confidence_level":0.95,"lower_bound":1625649.002788961,"upper_bound":3110270.872181654},"point_estimate":2267555.1167428493,"standard_error":409137.15692855907},"slope":null,"std_dev":{"confidence_interval":{"confidence_level":0.95,"lower_bound":2588849.3122312664,"upper_bound":3684358.01901084},"point_estimate":3162402.238634477,"standard_error":282117.76280908316}}