{"mean":{"confidence_interval":{"confidence_level":0.95,"lower_bound":29532817.84944444,"upper_bound":33578575.75492064},"point_estimate":31777032.02806878,"standard_error":1025908.4216294114},"median":{"confidence_interval":{"confidence_level":0.95,"lower_bound":28960987.985185184,"upper_bound":34147402.666666664},"point_estimate":32791453.841269843,"standard_error":1042594.1401957574},"median_abs_dev":{"confidence_interval":{"confidence_level":0.95,"lower_bound":410466.08879943733,"upper_bound":4750774.217076899},"point_estimate":1696001.8309399467,"standard_error":992186.9188251387},"slope":{"confidence_interval":{"confidence_level":0.95,"lower_bound":26984024.31121643,"upper_bound":33130836.185550082},"point_estimate":29405519.935930736,"standard_error":1608371.86398607},"std_dev":{"confidence_interval":{"confidence_level":0.95,"lower_bound":912865.4483826375,"upper_bound":4296324.693675468},"point_estimate":3418957.1998474183,"standard_error":886946.1393461354}}