{"mean":{"confidence_interval":{"confidence_level":0.95,"lower_bound":4509049.634285714,"upper_bound":4639913.562142858},"point_estimate":4574615.611428572,"standard_error":33545.67109616183},"median":{"confidence_interval":{"confidence_level":0.95,"lower_bound":4527119.857142856,"upper_bound":4661466.785714285},"point_estimate":4621841.857142856,"standard_error":36427.21238756269},"median_abs_dev":{"confidence_interval":{"confidence_level":0.95,"lower_bound":196595.19220973813,"upper_bound":320756.4271554351},"point_estimate":240060.52268807398,"standard_error":31353.895071863975},"slope":null,"std_dev":{"confidence_interval":{"confidence_level":0.95,"lower_bound":275261.17104318104,"upper_bound":396471.652479136},"point_estimate":336498.42074347334,"standard_error":30934.89744156258}}