{"mean":{"confidence_interval":{"confidence_level":0.95,"lower_bound":159382177.473,"upper_bound":163690381.36725},"point_estimate":161539950.32,"standard_error":1100760.975193327},"median":{"confidence_interval":{"confidence_level":0.95,"lower_bound":158455415.5,"upper_bound":164065445.0},"point_estimate":161001647.5,"standard_error":1371841.2647819198},"median_abs_dev":{"confidence_interval":{"confidence_level":0.95,"lower_bound":9123879.410921264,"upper_bound":14630328.416159749},"point_estimate":12094289.270183444,"standard_error":1406292.660756198},"slope":null,"std_dev":{"confidence_interval":{"confidence_level":0.95,"lower_bound":9560478.85637461,"upper_bound":12503180.43075879},"point_estimate":11087907.166830366,"standard_error":753944.7080581159}}