{"mean":{"confidence_interval":{"confidence_level":0.95,"lower_bound":-0.0029044337531221875,"upper_bound":0.022134970110278034},"point_estimate":0.009296281129999695,"standard_error":0.00637880431357979},"median":{"confidence_interval":{"confidence_level":0.95,"lower_bound":0.00009732631538903162,"upper_bound":0.023869725176720147},"point_estimate":0.012399809184317379,"standard_error":0.0059900462159978895}}