{"mean":{"confidence_interval":{"confidence_level":0.95,"lower_bound":477232291.8,"upper_bound":502308332.6},"point_estimate":488529425.1,"standard_error":6461878.394332455},"median":{"confidence_interval":{"confidence_level":0.95,"lower_bound":470629864.0,"upper_bound":501571885.0},"point_estimate":481364492.5,"standard_error":7254386.535153072},"median_abs_dev":{"confidence_interval":{"confidence_level":0.95,"lower_bound":2002999.977439642,"upper_bound":32183958.50442052},"point_estimate":17323818.938040733,"standard_error":7658375.926732446},"slope":null,"std_dev":{"confidence_interval":{"confidence_level":0.95,"lower_bound":8361031.469989837,"upper_bound":29173329.626001794},"point_estimate":21469715.77051337,"standard_error":5731743.206337541}}