{"mean":{"confidence_interval":{"confidence_level":0.95,"lower_bound":478021572.01,"upper_bound":485363265.77699995},"point_estimate":481487132.66,"standard_error":1873864.84114323},"median":{"confidence_interval":{"confidence_level":0.95,"lower_bound":474477936.0,"upper_bound":480263996.0},"point_estimate":477142858.0,"standard_error":1464862.8388433822},"median_abs_dev":{"confidence_interval":{"confidence_level":0.95,"lower_bound":8493550.605109334,"upper_bound":14294629.975819588},"point_estimate":10918291.712361574,"standard_error":1486891.6472855774},"slope":null,"std_dev":{"confidence_interval":{"confidence_level":0.95,"lower_bound":14119665.57151935,"upper_bound":22923765.94599513},"point_estimate":18700457.174479038,"standard_error":2239497.418581112}}