{"mean":{"confidence_interval":{"confidence_level":0.95,"lower_bound":6788563.9,"upper_bound":6905019.95875},"point_estimate":6844752.7475,"standard_error":29675.787852246052},"median":{"confidence_interval":{"confidence_level":0.95,"lower_bound":6741820.625,"upper_bound":6839294.5625},"point_estimate":6797244.8125,"standard_error":27292.92759164051},"median_abs_dev":{"confidence_interval":{"confidence_level":0.95,"lower_bound":180354.30231057107,"upper_bound":343603.5707373172},"point_estimate":271149.0026861429,"standard_error":42746.589413670714},"slope":null,"std_dev":{"confidence_interval":{"confidence_level":0.95,"lower_bound":243005.77558353802,"upper_bound":347931.1063401888},"point_estimate":297468.7397008581,"standard_error":27047.403511371067}}