{"mean":{"confidence_interval":{"confidence_level":0.95,"lower_bound":4257392.574562499,"upper_bound":4339998.112500001},"point_estimate":4296322.121666666,"standard_error":21062.766158582435},"median":{"confidence_interval":{"confidence_level":0.95,"lower_bound":4209368.666666666,"upper_bound":4309251.0},"point_estimate":4246992.541666667,"standard_error":29230.942989227595},"median_abs_dev":{"confidence_interval":{"confidence_level":0.95,"lower_bound":125644.97334435617,"upper_bound":210689.25528451754},"point_estimate":149906.17753863358,"standard_error":22503.96429247076},"slope":null,"std_dev":{"confidence_interval":{"confidence_level":0.95,"lower_bound":149216.7838085794,"upper_bound":274778.8172391944},"point_estimate":212158.85625392685,"standard_error":32690.720146417894}}