{"mean":{"confidence_interval":{"confidence_level":0.95,"lower_bound":0.021092257000511164,"upper_bound":0.07476773516239069},"point_estimate":0.049145358123867444,"standard_error":0.013782842065349514},"median":{"confidence_interval":{"confidence_level":0.95,"lower_bound":0.01983108272718126,"upper_bound":0.08141303511909759},"point_estimate":0.06767687544269063,"standard_error":0.015666069329634963}}