{"mean":{"confidence_interval":{"confidence_level":0.95,"lower_bound":11433868.55276674,"upper_bound":11595605.179259922},"point_estimate":11511813.524697421,"standard_error":41511.9601296073},"median":{"confidence_interval":{"confidence_level":0.95,"lower_bound":11371384.078125,"upper_bound":11617976.4125},"point_estimate":11488383.439285714,"standard_error":57011.259289096095},"median_abs_dev":{"confidence_interval":{"confidence_level":0.95,"lower_bound":21927.46166696013,"upper_bound":238917.925836691},"point_estimate":173940.51691037603,"standard_error":57454.56720111011},"slope":{"confidence_interval":{"confidence_level":0.95,"lower_bound":11394911.147810409,"upper_bound":11537735.841139955},"point_estimate":11464019.749675324,"standard_error":37292.94487850948},"std_dev":{"confidence_interval":{"confidence_level":0.95,"lower_bound":76151.49461394493,"upper_bound":171135.44078650474},"point_estimate":137579.28994648304,"standard_error":24083.310383546657}}