{"mean":{"confidence_interval":{"confidence_level":0.95,"lower_bound":4668473.395000001,"upper_bound":4776998.304041665},"point_estimate":4719312.224166665,"standard_error":27853.447797060722},"median":{"confidence_interval":{"confidence_level":0.95,"lower_bound":4623690.25,"upper_bound":4704329.833333333},"point_estimate":4656785.291666667,"standard_error":21205.581665156067},"median_abs_dev":{"confidence_interval":{"confidence_level":0.95,"lower_bound":131401.97081714915,"upper_bound":242106.72245174783},"point_estimate":192160.70921346475,"standard_error":27556.124189216356},"slope":null,"std_dev":{"confidence_interval":{"confidence_level":0.95,"lower_bound":188065.53912458304,"upper_bound":373793.3565270526},"point_estimate":280168.8487710381,"standard_error":49146.19736899812}}