{"mean":{"confidence_interval":{"confidence_level":0.95,"lower_bound":64537804.1,"upper_bound":82324648.2},"point_estimate":70992512.7,"standard_error":5153098.929892238},"median":{"confidence_interval":{"confidence_level":0.95,"lower_bound":63914334.0,"upper_bound":69120848.5},"point_estimate":64934132.5,"standard_error":1753626.0164303577},"median_abs_dev":{"confidence_interval":{"confidence_level":0.95,"lower_bound":247178.3263117075,"upper_bound":5605241.998887062},"point_estimate":1804611.0510617495,"standard_error":2113537.0621368405},"slope":null,"std_dev":{"confidence_interval":{"confidence_level":0.95,"lower_bound":952582.7558566349,"upper_bound":26451822.2410927},"point_estimate":17222915.928229187,"standard_error":8827602.278064014}}