{"mean":{"confidence_interval":{"confidence_level":0.95,"lower_bound":16362670.6375,"upper_bound":16822540.64725},"point_estimate":16575722.35,"standard_error":118133.02986943805},"median":{"confidence_interval":{"confidence_level":0.95,"lower_bound":16171129.75,"upper_bound":16430681.5},"point_estimate":16307557.625,"standard_error":61739.3338616548},"median_abs_dev":{"confidence_interval":{"confidence_level":0.95,"lower_bound":367424.96782690287,"upper_bound":642999.9020844698},"point_estimate":468819.60937678814,"standard_error":69838.47742250151},"slope":null,"std_dev":{"confidence_interval":{"confidence_level":0.95,"lower_bound":779649.1095186113,"upper_bound":1562998.1488468526},"point_estimate":1190976.3204646858,"standard_error":199621.49963128867}}