{"mean":{"confidence_interval":{"confidence_level":0.95,"lower_bound":4200191.348916667,"upper_bound":4350471.382966666},"point_estimate":4274553.755999998,"standard_error":38460.944139004736},"median":{"confidence_interval":{"confidence_level":0.95,"lower_bound":4187603.466666667,"upper_bound":4340012.266666667},"point_estimate":4287736.633333334,"standard_error":35830.84720045099},"median_abs_dev":{"confidence_interval":{"confidence_level":0.95,"lower_bound":222911.87124252354,"upper_bound":369080.95786750346},"point_estimate":279860.90839147515,"standard_error":38548.379528592006},"slope":null,"std_dev":{"confidence_interval":{"confidence_level":0.95,"lower_bound":310088.5676733814,"upper_bound":446508.8488842805},"point_estimate":382254.7974668235,"standard_error":34821.48402505824}}