{"mean":{"confidence_interval":{"confidence_level":0.95,"lower_bound":1947270494.8,"upper_bound":1987556269.4},"point_estimate":1965357857.7,"standard_error":10400399.738701148},"median":{"confidence_interval":{"confidence_level":0.95,"lower_bound":1941821122.0,"upper_bound":1982411695.0},"point_estimate":1957232363.0,"standard_error":10746858.23758547},"median_abs_dev":{"confidence_interval":{"confidence_level":0.95,"lower_bound":6801588.982647657,"upper_bound":50006295.75321078},"point_estimate":27304710.130244493,"standard_error":11240052.576331155},"slope":null,"std_dev":{"confidence_interval":{"confidence_level":0.95,"lower_bound":13845770.779530797,"upper_bound":47706602.801954135},"point_estimate":34492598.44009177,"standard_error":9446687.716909206}}