{"mean":{"confidence_interval":{"confidence_level":0.95,"lower_bound":0.006744309575386515,"upper_bound":0.023004113680497523},"point_estimate":0.013996459116415227,"standard_error":0.00422553813955705},"median":{"confidence_interval":{"confidence_level":0.95,"lower_bound":0.003386720552972511,"upper_bound":0.023112044420688704},"point_estimate":0.01043775890812082,"standard_error":0.005156377671808197}}