{"mean":{"confidence_interval":{"confidence_level":0.95,"lower_bound":3302217.526958334,"upper_bound":3568721.0745277754},"point_estimate":3436335.3622222217,"standard_error":67909.98150622613},"median":{"confidence_interval":{"confidence_level":0.95,"lower_bound":3341109.8333333335,"upper_bound":3835567.8333333335},"point_estimate":3805377.638888889,"standard_error":111170.72248230796},"median_abs_dev":{"confidence_interval":{"confidence_level":0.95,"lower_bound":343702.87404805364,"upper_bound":962614.9743601677},"point_estimate":587182.7723587551,"standard_error":157986.2785502398},"slope":null,"std_dev":{"confidence_interval":{"confidence_level":0.95,"lower_bound":627404.4472299664,"upper_bound":732709.1398491607},"point_estimate":687145.6282875619,"standard_error":26760.91566649467}}