{"mean":{"confidence_interval":{"confidence_level":0.95,"lower_bound":28625704061.25425,"upper_bound":28705179796.980503},"point_estimate":28664936033.14,"standard_error":20221362.55810904},"median":{"confidence_interval":{"confidence_level":0.95,"lower_bound":28593592028.0,"upper_bound":28693207085.5},"point_estimate":28651392257.0,"standard_error":23863553.04743589},"median_abs_dev":{"confidence_interval":{"confidence_level":0.95,"lower_bound":139694452.4493277,"upper_bound":255302567.1937734},"point_estimate":180526100.06512105,"standard_error":29738323.222648993},"slope":null,"std_dev":{"confidence_interval":{"confidence_level":0.95,"lower_bound":173208716.7194022,"upper_bound":231309706.9110699},"point_estimate":203315049.22083798,"standard_error":14835909.252016276}}