{"mean":{"confidence_interval":{"confidence_level":0.95,"lower_bound":-0.008870818292549262,"upper_bound":0.04144817054738135},"point_estimate":0.01462612801528973,"standard_error":0.01319086846662689},"median":{"confidence_interval":{"confidence_level":0.95,"lower_bound":-0.013519533924474136,"upper_bound":0.041710081751830996},"point_estimate":0.00884773696015384,"standard_error":0.014565212834296761}}