{"mean":{"confidence_interval":{"confidence_level":0.95,"lower_bound":-0.8803217755243135,"upper_bound":-0.8739008308492799},"point_estimate":-0.8769426031305306,"standard_error":0.0016522104620055288},"median":{"confidence_interval":{"confidence_level":0.95,"lower_bound":-0.8797138941696323,"upper_bound":-0.8722951331760311},"point_estimate":-0.8752641286916507,"standard_error":0.0019159628448275159}}