{"mean":{"confidence_interval":{"confidence_level":0.95,"lower_bound":87066915.112,"upper_bound":91040419.43},"point_estimate":88963374.86,"standard_error":1015353.8728270778},"median":{"confidence_interval":{"confidence_level":0.95,"lower_bound":84242975.0,"upper_bound":85910427.5},"point_estimate":85059452.5,"standard_error":438656.9307680028},"median_abs_dev":{"confidence_interval":{"confidence_level":0.95,"lower_bound":2138567.4364328384,"upper_bound":4147482.246467471},"point_estimate":3022848.623433709,"standard_error":517438.5898678853},"slope":null,"std_dev":{"confidence_interval":{"confidence_level":0.95,"lower_bound":7869645.244721442,"upper_bound":12179371.083795713},"point_estimate":10276890.431502156,"standard_error":1102050.650360895}}