{"mean":{"confidence_interval":{"confidence_level":0.95,"lower_bound":2.777123859046169,"upper_bound":11.302201306980354},"point_estimate":5.423113281139482,"standard_error":2.252935596558073},"median":{"confidence_interval":{"confidence_level":0.95,"lower_bound":3.950900882327729,"upper_bound":15.16031275771595},"point_estimate":9.084510493674301,"standard_error":2.94009520139162}}