{"mean":{"confidence_interval":{"confidence_level":0.95,"lower_bound":-0.03446678761678927,"upper_bound":-0.015800940398422315},"point_estimate":-0.023997043717498556,"standard_error":0.004798977450693915},"median":{"confidence_interval":{"confidence_level":0.95,"lower_bound":-0.027886585817575128,"upper_bound":-0.01567419495705169},"point_estimate":-0.02276792652871862,"standard_error":0.0031195895587914223}}