{"mean":{"confidence_interval":{"confidence_level":0.95,"lower_bound":493988219736.0,"upper_bound":494897662392.29},"point_estimate":494436758457.3,"standard_error":233003669.0558255},"median":{"confidence_interval":{"confidence_level":0.95,"lower_bound":493697070189.0,"upper_bound":495127467391.0},"point_estimate":494513438408.5,"standard_error":384658223.3709763},"median_abs_dev":{"confidence_interval":{"confidence_level":0.95,"lower_bound":55587979.23851609,"upper_bound":1386547434.8712623},"point_estimate":1161053610.5854778,"standard_error":390321645.76804733},"slope":null,"std_dev":{"confidence_interval":{"confidence_level":0.95,"lower_bound":458161345.63498527,"upper_bound":933241047.9563131},"point_estimate":774429017.5078377,"standard_error":122654727.80831788}}