{"mean":{"confidence_interval":{"confidence_level":0.95,"lower_bound":2604416436.9,"upper_bound":2615979840.9305},"point_estimate":2610043984.25,"standard_error":2957702.281606357},"median":{"confidence_interval":{"confidence_level":0.95,"lower_bound":2600229104.0,"upper_bound":2613147661.5},"point_estimate":2605628989.0,"standard_error":3651681.016192332},"median_abs_dev":{"confidence_interval":{"confidence_level":0.95,"lower_bound":20940689.77342844,"upper_bound":34009979.37398712},"point_estimate":28493578.879737854,"standard_error":3405898.1806754973},"slope":null,"std_dev":{"confidence_interval":{"confidence_level":0.95,"lower_bound":24298358.253693268,"upper_bound":34931394.47967425},"point_estimate":29863981.86202571,"standard_error":2702224.964103913}}