{"mean":{"confidence_interval":{"confidence_level":0.95,"lower_bound":5179898612.426001,"upper_bound":5201788279.161},"point_estimate":5190524408.02,"standard_error":5574301.326589365},"median":{"confidence_interval":{"confidence_level":0.95,"lower_bound":5171202260.0,"upper_bound":5196396259.0},"point_estimate":5183401040.0,"standard_error":6915218.072488912},"median_abs_dev":{"confidence_interval":{"confidence_level":0.95,"lower_bound":35311883.43578875,"upper_bound":54120383.17657113},"point_estimate":44347081.92618191,"standard_error":4745866.718598808},"slope":null,"std_dev":{"confidence_interval":{"confidence_level":0.95,"lower_bound":45310840.35573949,"upper_bound":65461726.57146016},"point_estimate":56074096.45914279,"standard_error":5162969.7510169055}}