{"mean":{"confidence_interval":{"confidence_level":0.95,"lower_bound":14506474361.666,"upper_bound":14560619118.13},"point_estimate":14533200352.19,"standard_error":13826319.680897603},"median":{"confidence_interval":{"confidence_level":0.95,"lower_bound":14507828209.0,"upper_bound":14563253527.0},"point_estimate":14532132922.0,"standard_error":15200535.479650924},"median_abs_dev":{"confidence_interval":{"confidence_level":0.95,"lower_bound":100129441.88204706,"upper_bound":160556809.79444683},"point_estimate":137889050.43118,"standard_error":15258321.848682038},"slope":null,"std_dev":{"confidence_interval":{"confidence_level":0.95,"lower_bound":117289594.40593277,"upper_bound":159043236.1114066},"point_estimate":139073544.8623707,"standard_error":10690613.66438995}}