{"mean":{"confidence_interval":{"confidence_level":0.95,"lower_bound":3537110.2489342107,"upper_bound":3772862.436026314},"point_estimate":3657242.336842105,"standard_error":60063.49509712425},"median":{"confidence_interval":{"confidence_level":0.95,"lower_bound":3810168.1842105268,"upper_bound":3979054.3684210526},"point_estimate":3888370.6315789474,"standard_error":52772.41241719838},"median_abs_dev":{"confidence_interval":{"confidence_level":0.95,"lower_bound":204109.88951843022,"upper_bound":498119.56938818836},"point_estimate":284261.8191375545,"standard_error":85527.84356854536},"slope":null,"std_dev":{"confidence_interval":{"confidence_level":0.95,"lower_bound":514612.7279152179,"upper_bound":669738.1323372786},"point_estimate":598643.6142947127,"standard_error":39407.95777945614}}