{"mean":{"confidence_interval":{"confidence_level":0.95,"lower_bound":24510649.22333333,"upper_bound":25146671.868916668},"point_estimate":24833440.08666667,"standard_error":163231.52157404606},"median":{"confidence_interval":{"confidence_level":0.95,"lower_bound":24792770.666666664,"upper_bound":25254494.5},"point_estimate":25082303.833333336,"standard_error":106896.56541278861},"median_abs_dev":{"confidence_interval":{"confidence_level":0.95,"lower_bound":682814.8772776108,"upper_bound":1131186.2207174292},"point_estimate":809123.0052351952,"standard_error":115270.02852075065},"slope":null,"std_dev":{"confidence_interval":{"confidence_level":0.95,"lower_bound":1345990.6850800824,"upper_bound":1930576.0512767648},"point_estimate":1656908.0927923042,"standard_error":149924.11536728643}}