{"mean":{"confidence_interval":{"confidence_level":0.95,"lower_bound":2674103194.11025,"upper_bound":2727773045.603},"point_estimate":2701234950.54,"standard_error":13716422.589018103},"median":{"confidence_interval":{"confidence_level":0.95,"lower_bound":2674880553.0,"upper_bound":2735439774.0},"point_estimate":2706189589.0,"standard_error":12872692.944605453},"median_abs_dev":{"confidence_interval":{"confidence_level":0.95,"lower_bound":88033848.66518676,"upper_bound":155938643.79152563},"point_estimate":111399829.59045768,"standard_error":17422865.495279606},"slope":null,"std_dev":{"confidence_interval":{"confidence_level":0.95,"lower_bound":114534622.64862467,"upper_bound":160494403.01979747},"point_estimate":138212041.47759658,"standard_error":11777814.846292706}}