{"mean":{"confidence_interval":{"confidence_level":0.95,"lower_bound":9102455.894785715,"upper_bound":9276049.191428568},"point_estimate":9191572.852857145,"standard_error":44403.34313653063},"median":{"confidence_interval":{"confidence_level":0.95,"lower_bound":9205744.0,"upper_bound":9384723.857142856},"point_estimate":9312913.857142858,"standard_error":38738.09746710496},"median_abs_dev":{"confidence_interval":{"confidence_level":0.95,"lower_bound":200074.21894797296,"upper_bound":368650.2837551496},"point_estimate":276902.9731839868,"standard_error":41726.129168721425},"slope":null,"std_dev":{"confidence_interval":{"confidence_level":0.95,"lower_bound":362145.4714545431,"upper_bound":521459.5988524687},"point_estimate":450039.07082551706,"standard_error":41083.48141952231}}