{"mean":{"confidence_interval":{"confidence_level":0.95,"lower_bound":630439902.65,"upper_bound":1340565601.66},"point_estimate":943744938.21,"standard_error":180253977.0507305},"median":{"confidence_interval":{"confidence_level":0.95,"lower_bound":218894105.0,"upper_bound":435514783.0},"point_estimate":321061968.5,"standard_error":56042538.27102916},"median_abs_dev":{"confidence_interval":{"confidence_level":0.95,"lower_bound":245012367.84076095,"upper_bound":546232960.0074521},"point_estimate":393871756.6563785,"standard_error":73904973.93824387},"slope":null,"std_dev":{"confidence_interval":{"confidence_level":0.95,"lower_bound":954461795.5907412,"upper_bound":2564529579.6608806},"point_estimate":1790417055.1903348,"standard_error":423291316.7662448}}