{"mean":{"confidence_interval":{"confidence_level":0.95,"lower_bound":590642384.2020001,"upper_bound":1224802501.5209997},"point_estimate":877484682.55,"standard_error":162635655.95110032},"median":{"confidence_interval":{"confidence_level":0.95,"lower_bound":199060514.0,"upper_bound":406203406.0},"point_estimate":315867509.5,"standard_error":52232783.189521976},"median_abs_dev":{"confidence_interval":{"confidence_level":0.95,"lower_bound":223551715.4305637,"upper_bound":498686834.6824161},"point_estimate":386100930.54303825,"standard_error":69618416.52521056},"slope":null,"std_dev":{"confidence_interval":{"confidence_level":0.95,"lower_bound":896113503.2856896,"upper_bound":2318590912.8558373},"point_estimate":1636642374.9992485,"standard_error":373238766.9368991}}