{"mean":{"confidence_interval":{"confidence_level":0.95,"lower_bound":0.004844597851838219,"upper_bound":0.01586553073204559},"point_estimate":0.010672357698106483,"standard_error":0.002799588846847008},"median":{"confidence_interval":{"confidence_level":0.95,"lower_bound":0.003315868955338308,"upper_bound":0.01997775293434212},"point_estimate":0.014029859235933362,"standard_error":0.0046774239370593485}}