{"mean":{"confidence_interval":{"confidence_level":0.95,"lower_bound":2693356.325217392,"upper_bound":2771771.7665217407},"point_estimate":2729751.809130436,"standard_error":20075.680313273824},"median":{"confidence_interval":{"confidence_level":0.95,"lower_bound":2645055.086956522,"upper_bound":2696489.8260869565},"point_estimate":2673196.1739130435,"standard_error":13643.077937913864},"median_abs_dev":{"confidence_interval":{"confidence_level":0.95,"lower_bound":75518.16348537167,"upper_bound":126189.46624229799},"point_estimate":96848.42599798823,"standard_error":13450.420729919468},"slope":null,"std_dev":{"confidence_interval":{"confidence_level":0.95,"lower_bound":139016.14902432883,"upper_bound":263383.57267012936},"point_estimate":201560.92366541317,"standard_error":32231.277580946262}}