{"mean":{"confidence_interval":{"confidence_level":0.95,"lower_bound":8615442.854285711,"upper_bound":8894496.543000001},"point_estimate":8737559.635714287,"standard_error":71955.4676175512},"median":{"confidence_interval":{"confidence_level":0.95,"lower_bound":8561956.357142858,"upper_bound":8669543.357142858},"point_estimate":8629760.357142858,"standard_error":28053.172861603507},"median_abs_dev":{"confidence_interval":{"confidence_level":0.95,"lower_bound":192169.73718830556,"upper_bound":312165.23685795977},"point_estimate":247468.59820655512,"standard_error":31256.040722104113},"slope":null,"std_dev":{"confidence_interval":{"confidence_level":0.95,"lower_bound":293643.1347333895,"upper_bound":1094897.0029203233},"point_estimate":724302.4779558033,"standard_error":212306.5353761946}}