{"mean":{"confidence_interval":{"confidence_level":0.95,"lower_bound":0.015488592643135032,"upper_bound":0.04755633565223525},"point_estimate":0.030814776838511637,"standard_error":0.008198175574014654},"median":{"confidence_interval":{"confidence_level":0.95,"lower_bound":0.012570118184683121,"upper_bound":0.047510698177331445},"point_estimate":0.03180604128777542,"standard_error":0.009012542830905029}}