{"mean":{"confidence_interval":{"confidence_level":0.95,"lower_bound":-0.1298656534661224,"upper_bound":-0.0038071773654599897},"point_estimate":-0.05936065501218801,"standard_error":0.03226699600250414},"median":{"confidence_interval":{"confidence_level":0.95,"lower_bound":-0.12180617481529511,"upper_bound":0.041524664895340235},"point_estimate":-0.0009020704405525715,"standard_error":0.03471033685643493}}