{"mean":{"confidence_interval":{"confidence_level":0.95,"lower_bound":-0.9000165278384554,"upper_bound":-0.8863751874479674},"point_estimate":-0.8942290003712264,"standard_error":0.003494626934561417},"median":{"confidence_interval":{"confidence_level":0.95,"lower_bound":-0.9019971306999887,"upper_bound":-0.8845110924393649},"point_estimate":-0.8976964155326627,"standard_error":0.003565717878603129}}