{"mean":{"confidence_interval":{"confidence_level":0.95,"lower_bound":1452011638.22,"upper_bound":1459603314.19875},"point_estimate":1455733135.04,"standard_error":1925469.2233359637},"median":{"confidence_interval":{"confidence_level":0.95,"lower_bound":1451487025.0,"upper_bound":1457939988.0},"point_estimate":1454609149.5,"standard_error":1866396.0790506464},"median_abs_dev":{"confidence_interval":{"confidence_level":0.95,"lower_bound":11478553.640314937,"upper_bound":20036143.038582355},"point_estimate":16023569.124224782,"standard_error":2148933.504975073},"slope":null,"std_dev":{"confidence_interval":{"confidence_level":0.95,"lower_bound":15266291.20809228,"upper_bound":24188716.666712712},"point_estimate":19523129.84046782,"standard_error":2332481.269087317}}