{"mean":{"confidence_interval":{"confidence_level":0.95,"lower_bound":14878703.335562501,"upper_bound":15151162.25175},"point_estimate":15012052.225,"standard_error":69429.61270500338},"median":{"confidence_interval":{"confidence_level":0.95,"lower_bound":14672038.75,"upper_bound":14987826.75},"point_estimate":14751398.375,"standard_error":73233.1480134534},"median_abs_dev":{"confidence_interval":{"confidence_level":0.95,"lower_bound":394616.2219941616,"upper_bound":768698.9903278649},"point_estimate":532014.6919548512,"standard_error":97071.10978805315},"slope":null,"std_dev":{"confidence_interval":{"confidence_level":0.95,"lower_bound":593972.4890602848,"upper_bound":782239.9903082267},"point_estimate":696178.2054037275,"standard_error":48157.06630997593}}