{"mean":{"confidence_interval":{"confidence_level":0.95,"lower_bound":7678942676.1475,"upper_bound":7808455834.4},"point_estimate":7735800387.4,"standard_error":33646172.4349778},"median":{"confidence_interval":{"confidence_level":0.95,"lower_bound":7653090593.0,"upper_bound":7793628669.0},"point_estimate":7701351912.0,"standard_error":39501977.84190667},"median_abs_dev":{"confidence_interval":{"confidence_level":0.95,"lower_bound":10274032.341599464,"upper_bound":166454816.36233628},"point_estimate":73701218.9107418,"standard_error":39776029.92388788},"slope":null,"std_dev":{"confidence_interval":{"confidence_level":0.95,"lower_bound":42138615.60985867,"upper_bound":157035320.58360493},"point_estimate":111506948.35120523,"standard_error":33509734.03881161}}