{"mean":{"confidence_interval":{"confidence_level":0.95,"lower_bound":148344090.57625,"upper_bound":153249541.2455},"point_estimate":150694541.05,"standard_error":1250067.757660555},"median":{"confidence_interval":{"confidence_level":0.95,"lower_bound":145787506.0,"upper_bound":152377937.0},"point_estimate":149722162.0,"standard_error":1793523.8314950494},"median_abs_dev":{"confidence_interval":{"confidence_level":0.95,"lower_bound":9302665.882292166,"upper_bound":13562479.113417864},"point_estimate":11747753.765335679,"standard_error":1099036.2760881442},"slope":null,"std_dev":{"confidence_interval":{"confidence_level":0.95,"lower_bound":9284155.386204848,"upper_bound":16024906.64629377},"point_estimate":12596697.977444295,"standard_error":1766633.875421493}}