{"mean":{"confidence_interval":{"confidence_level":0.95,"lower_bound":93720729.1,"upper_bound":94944915.82075},"point_estimate":94322621.68,"standard_error":312786.9269762904},"median":{"confidence_interval":{"confidence_level":0.95,"lower_bound":93164365.0,"upper_bound":94714831.0},"point_estimate":93782527.0,"standard_error":417772.7464747249},"median_abs_dev":{"confidence_interval":{"confidence_level":0.95,"lower_bound":2106510.65980196,"upper_bound":3520253.5016030073},"point_estimate":2797134.6382409334,"standard_error":365111.3642806135},"slope":null,"std_dev":{"confidence_interval":{"confidence_level":0.95,"lower_bound":2557439.158331996,"upper_bound":3659761.554992062},"point_estimate":3138669.510631766,"standard_error":283188.3932630066}}