{"mean":{"confidence_interval":{"confidence_level":0.95,"lower_bound":234207989.41,"upper_bound":299004738.32225},"point_estimate":265860190.54,"standard_error":16537845.78959655},"median":{"confidence_interval":{"confidence_level":0.95,"lower_bound":191461441.0,"upper_bound":284811454.0},"point_estimate":222739946.0,"standard_error":23448020.939485066},"median_abs_dev":{"confidence_interval":{"confidence_level":0.95,"lower_bound":110005740.8352077,"upper_bound":181868716.65578485},"point_estimate":140995627.40552723,"standard_error":18280722.63369089},"slope":null,"std_dev":{"confidence_interval":{"confidence_level":0.95,"lower_bound":136458807.31138256,"upper_bound":192458023.45103475},"point_estimate":165952688.73626816,"standard_error":14355570.32289853}}