{"mean":{"confidence_interval":{"confidence_level":0.95,"lower_bound":8358473.186821426,"upper_bound":8688032.260000002},"point_estimate":8525235.86571428,"standard_error":83697.95421926197},"median":{"confidence_interval":{"confidence_level":0.95,"lower_bound":8370322.714285715,"upper_bound":8982686.142857144},"point_estimate":8719855.92857143,"standard_error":152415.57397404106},"median_abs_dev":{"confidence_interval":{"confidence_level":0.95,"lower_bound":632873.1088642555,"upper_bound":1052677.4653812393},"point_estimate":830229.0866604862,"standard_error":108408.81239262762},"slope":null,"std_dev":{"confidence_interval":{"confidence_level":0.95,"lower_bound":710462.3726616934,"upper_bound":952223.7513222679},"point_estimate":836902.5674433514,"standard_error":62094.54761955987}}