{"mean":{"confidence_interval":{"confidence_level":0.95,"lower_bound":136816770.3,"upper_bound":148504123.2},"point_estimate":141205536.6,"standard_error":3362134.1531553017},"median":{"confidence_interval":{"confidence_level":0.95,"lower_bound":136449139.5,"upper_bound":140729259.0},"point_estimate":137351465.5,"standard_error":1183422.887163515},"median_abs_dev":{"confidence_interval":{"confidence_level":0.95,"lower_bound":347089.99723792076,"upper_bound":4993314.427050948},"point_estimate":1125386.7838203907,"standard_error":1436775.336685428},"slope":null,"std_dev":{"confidence_interval":{"confidence_level":0.95,"lower_bound":652265.7704789854,"upper_bound":17142987.462301582},"point_estimate":11203509.322237069,"standard_error":5512688.096003946}}