{"mean":{"confidence_interval":{"confidence_level":0.95,"lower_bound":9686320.08,"upper_bound":9823736.709999999},"point_estimate":9754375.997999998,"standard_error":35145.29873212098},"median":{"confidence_interval":{"confidence_level":0.95,"lower_bound":9604817.6,"upper_bound":9753212.7},"point_estimate":9681677.8,"standard_error":41453.306602229044},"median_abs_dev":{"confidence_interval":{"confidence_level":0.95,"lower_bound":189574.12823438644,"upper_bound":353890.5832416847},"point_estimate":245176.8163472414,"standard_error":43364.52605302821},"slope":null,"std_dev":{"confidence_interval":{"confidence_level":0.95,"lower_bound":306130.5204088176,"upper_bound":399974.7240061478},"point_estimate":357215.5709252322,"standard_error":23782.213415722243}}