{"mean":{"confidence_interval":{"confidence_level":0.95,"lower_bound":0.0013197504123483698,"upper_bound":0.007562891330250103},"point_estimate":0.004896948625759512,"standard_error":0.00157221786451877},"median":{"confidence_interval":{"confidence_level":0.95,"lower_bound":0.0013986804456993962,"upper_bound":0.007473017412001015},"point_estimate":0.00613550318713596,"standard_error":0.0014738503293306557}}