{"mean":{"confidence_interval":{"confidence_level":0.95,"lower_bound":4971635.037583333,"upper_bound":5312188.867854168},"point_estimate":5128228.424999998,"standard_error":86609.80230345519},"median":{"confidence_interval":{"confidence_level":0.95,"lower_bound":4748507.625,"upper_bound":4870193.916666667},"point_estimate":4806034.833333334,"standard_error":32461.651638447533},"median_abs_dev":{"confidence_interval":{"confidence_level":0.95,"lower_bound":143688.87601651205,"upper_bound":283636.8804894376},"point_estimate":195810.87034866284,"standard_error":35027.03427498327},"slope":null,"std_dev":{"confidence_interval":{"confidence_level":0.95,"lower_bound":565293.6046568119,"upper_bound":1178491.5333964678},"point_estimate":870493.8506959687,"standard_error":161500.29345691955}}