{"mean":{"confidence_interval":{"confidence_level":0.95,"lower_bound":1940614617.2,"upper_bound":1960470848.8},"point_estimate":1950927028.6,"standard_error":5096529.774253825},"median":{"confidence_interval":{"confidence_level":0.95,"lower_bound":1934199375.5,"upper_bound":1963527390.0},"point_estimate":1956848452.0,"standard_error":8776982.938413981},"median_abs_dev":{"confidence_interval":{"confidence_level":0.95,"lower_bound":2015863.0148112774,"upper_bound":26742878.870218992},"point_estimate":17994652.430731058,"standard_error":7078583.747315608},"slope":null,"std_dev":{"confidence_interval":{"confidence_level":0.95,"lower_bound":9887433.494489841,"upper_bound":20302912.11978088},"point_estimate":17010710.828584302,"standard_error":2597482.0837570652}}