{"mean":{"confidence_interval":{"confidence_level":0.95,"lower_bound":5096180.881,"upper_bound":5152849.035150003},"point_estimate":5122521.545000001,"standard_error":14464.99713605928},"median":{"confidence_interval":{"confidence_level":0.95,"lower_bound":5070631.4,"upper_bound":5110951.2},"point_estimate":5089024.550000001,"standard_error":9181.903381513644},"median_abs_dev":{"confidence_interval":{"confidence_level":0.95,"lower_bound":65511.57090693602,"upper_bound":112504.50445264578},"point_estimate":92104.00294482819,"standard_error":12232.482169983783},"slope":null,"std_dev":{"confidence_interval":{"confidence_level":0.95,"lower_bound":95811.72754398103,"upper_bound":193359.01497362825},"point_estimate":146102.09239387495,"standard_error":25166.22725738221}}