{"mean":{"confidence_interval":{"confidence_level":0.95,"lower_bound":7035581061.195001,"upper_bound":7403668376.9},"point_estimate":7207311661.2,"standard_error":94685235.75671199},"median":{"confidence_interval":{"confidence_level":0.95,"lower_bound":6996368043.0,"upper_bound":7424540486.0},"point_estimate":7089088087.5,"standard_error":108053823.64229663},"median_abs_dev":{"confidence_interval":{"confidence_level":0.95,"lower_bound":8530311.671456695,"upper_bound":511294600.4554063},"point_estimate":198272834.35215354,"standard_error":128694060.5229846},"slope":null,"std_dev":{"confidence_interval":{"confidence_level":0.95,"lower_bound":127505448.02063562,"upper_bound":400080602.3123869},"point_estimate":314187496.3459727,"standard_error":68391480.16708744}}