{"mean":{"confidence_interval":{"confidence_level":0.95,"lower_bound":2824838687.81,"upper_bound":2833999600.73},"point_estimate":2829135444.86,"standard_error":2341294.963491053},"median":{"confidence_interval":{"confidence_level":0.95,"lower_bound":2822367971.0,"upper_bound":2831462049.0},"point_estimate":2828493302.5,"standard_error":2140904.8306807806},"median_abs_dev":{"confidence_interval":{"confidence_level":0.95,"lower_bound":15412600.794571638,"upper_bound":23378385.097950697},"point_estimate":20704055.698129535,"standard_error":2021177.5034899884},"slope":null,"std_dev":{"confidence_interval":{"confidence_level":0.95,"lower_bound":16727681.880729996,"upper_bound":30870466.450073194},"point_estimate":23565343.907678485,"standard_error":3722118.228642856}}