{"mean":{"confidence_interval":{"confidence_level":0.95,"lower_bound":1223211332.3025,"upper_bound":1230915580.4155002},"point_estimate":1227009580.01,"standard_error":1972992.7345419705},"median":{"confidence_interval":{"confidence_level":0.95,"lower_bound":1221499746.0,"upper_bound":1230083455.0},"point_estimate":1224386502.0,"standard_error":2471238.07986224},"median_abs_dev":{"confidence_interval":{"confidence_level":0.95,"lower_bound":13494705.020821095,"upper_bound":21827460.987085104},"point_estimate":18095985.173732042,"standard_error":2123837.7520962516},"slope":null,"std_dev":{"confidence_interval":{"confidence_level":0.95,"lower_bound":16890963.959504068,"upper_bound":22617651.912282657},"point_estimate":19916050.276875503,"standard_error":1466188.5225572381}}