{"mean":{"confidence_interval":{"confidence_level":0.95,"lower_bound":17849305.913333338,"upper_bound":18141135.216250002},"point_estimate":17992366.75666667,"standard_error":74331.7132755513},"median":{"confidence_interval":{"confidence_level":0.95,"lower_bound":17672615.166666664,"upper_bound":17912206.333333332},"point_estimate":17800460.666666664,"standard_error":68577.66329670827},"median_abs_dev":{"confidence_interval":{"confidence_level":0.95,"lower_bound":382937.5719665002,"upper_bound":753973.7456142884},"point_estimate":516964.81962203427,"standard_error":97085.33631007063},"slope":null,"std_dev":{"confidence_interval":{"confidence_level":0.95,"lower_bound":614656.136612469,"upper_bound":852872.3315748181},"point_estimate":744648.7302998162,"standard_error":60739.6251879607}}