{"mean":{"confidence_interval":{"confidence_level":0.95,"lower_bound":629674166.441,"upper_bound":640946725.0604999},"point_estimate":634673444.29,"standard_error":2881695.5378721203},"median":{"confidence_interval":{"confidence_level":0.95,"lower_bound":625497471.5,"upper_bound":633627252.0},"point_estimate":628393085.5,"standard_error":1773610.763648958},"median_abs_dev":{"confidence_interval":{"confidence_level":0.95,"lower_bound":11177049.144467711,"upper_bound":16045915.612328053},"point_estimate":14098721.43919766,"standard_error":1210609.7255411514},"slope":null,"std_dev":{"confidence_interval":{"confidence_level":0.95,"lower_bound":14414310.404183263,"upper_bound":42701938.47523675},"point_estimate":28951470.803251322,"standard_error":7547167.857400012}}