{"mean":{"confidence_interval":{"confidence_level":0.95,"lower_bound":0.004262540286774064,"upper_bound":0.02871431887582446},"point_estimate":0.015659139200566052,"standard_error":0.00623696513413824},"median":{"confidence_interval":{"confidence_level":0.95,"lower_bound":-0.005235121156778266,"upper_bound":0.0276031227964062},"point_estimate":0.006284560611109047,"standard_error":0.008705757238874273}}