{"mean":{"confidence_interval":{"confidence_level":0.95,"lower_bound":262331278.55575,"upper_bound":268413970.685},"point_estimate":265382511.77,"standard_error":1549899.9043613945},"median":{"confidence_interval":{"confidence_level":0.95,"lower_bound":261446815.0,"upper_bound":268071470.5},"point_estimate":264081696.0,"standard_error":1775549.4526720128},"median_abs_dev":{"confidence_interval":{"confidence_level":0.95,"lower_bound":10644138.962128758,"upper_bound":17590643.196603656},"point_estimate":13149818.16714406,"standard_error":1770630.130736023},"slope":null,"std_dev":{"confidence_interval":{"confidence_level":0.95,"lower_bound":12995496.770927861,"upper_bound":18039168.170720678},"point_estimate":15573757.730741875,"standard_error":1285597.8710365768}}