{"mean":{"confidence_interval":{"confidence_level":0.95,"lower_bound":-0.8852435255088811,"upper_bound":-0.8820691918202815},"point_estimate":-0.8836847444985656,"standard_error":0.0008143946250579429},"median":{"confidence_interval":{"confidence_level":0.95,"lower_bound":-0.8862999204503271,"upper_bound":-0.8816892424613493},"point_estimate":-0.8829054074787086,"standard_error":0.0012646231121680063}}