{"mean":{"confidence_interval":{"confidence_level":0.95,"lower_bound":-0.028842300960347123,"upper_bound":-0.0010912233086652582},"point_estimate":-0.014696708253768231,"standard_error":0.007099713638811155},"median":{"confidence_interval":{"confidence_level":0.95,"lower_bound":-0.026346781598819646,"upper_bound":0.010800564702222015},"point_estimate":-0.01894466892767621,"standard_error":0.010916961246331165}}