{"mean":{"confidence_interval":{"confidence_level":0.95,"lower_bound":2643929.573923912,"upper_bound":2720214.1360869557},"point_estimate":2677577.989130436,"standard_error":19604.366968019833},"median":{"confidence_interval":{"confidence_level":0.95,"lower_bound":2623114.9565217393,"upper_bound":2662118.7391304346},"point_estimate":2640718.2173913047,"standard_error":11172.196912339245},"median_abs_dev":{"confidence_interval":{"confidence_level":0.95,"lower_bound":62841.256871301826,"upper_bound":104916.50944170757},"point_estimate":74915.87336128215,"standard_error":11020.70598228397},"slope":null,"std_dev":{"confidence_interval":{"confidence_level":0.95,"lower_bound":84161.6535159904,"upper_bound":293579.2563523698},"point_estimate":196974.75511040608,"standard_error":55882.63385948005}}