{"mean":{"confidence_interval":{"confidence_level":0.95,"lower_bound":5816806.6400000015,"upper_bound":6089072.053},"point_estimate":5954105.484000001,"standard_error":69186.7805951902},"median":{"confidence_interval":{"confidence_level":0.95,"lower_bound":5894785.2,"upper_bound":6169847.0},"point_estimate":6006883.0,"standard_error":83649.50120324339},"median_abs_dev":{"confidence_interval":{"confidence_level":0.95,"lower_bound":541572.9787734086,"upper_bound":908154.1600370415},"point_estimate":752065.96067816,"standard_error":90639.20455009388},"slope":null,"std_dev":{"confidence_interval":{"confidence_level":0.95,"lower_bound":602607.3525088809,"upper_bound":780565.8362051903},"point_estimate":695164.5573134089,"standard_error":45306.101360681525}}