{"mean":{"confidence_interval":{"confidence_level":0.95,"lower_bound":1934657.4320000003,"upper_bound":1948973.0528299995},"point_estimate":1941628.5539999995,"standard_error":3654.6043425253056},"median":{"confidence_interval":{"confidence_level":0.95,"lower_bound":1928043.96,"upper_bound":1943637.52},"point_estimate":1931474.7999999998,"standard_error":4354.840539554909},"median_abs_dev":{"confidence_interval":{"confidence_level":0.95,"lower_bound":20682.86267280582,"upper_bound":38437.501441597924},"point_estimate":26644.664034962592,"standard_error":4762.655186149057},"slope":null,"std_dev":{"confidence_interval":{"confidence_level":0.95,"lower_bound":29118.882092381522,"upper_bound":43622.74284441773},"point_estimate":36667.692652362384,"standard_error":3711.935699202733}}