{"mean":{"confidence_interval":{"confidence_level":0.95,"lower_bound":4840945.723153845,"upper_bound":4932543.063076921},"point_estimate":4884312.9992307685,"standard_error":23265.58069083692},"median":{"confidence_interval":{"confidence_level":0.95,"lower_bound":4799106.384615384,"upper_bound":4874445.26923077},"point_estimate":4842290.038461538,"standard_error":18586.00029533904},"median_abs_dev":{"confidence_interval":{"confidence_level":0.95,"lower_bound":115397.65574359067,"upper_bound":182303.1728480875},"point_estimate":150101.10141978855,"standard_error":16143.75428774177},"slope":null,"std_dev":{"confidence_interval":{"confidence_level":0.95,"lower_bound":168047.0336263618,"upper_bound":292380.55359272246},"point_estimate":234223.93098141087,"standard_error":31819.855827206502}}