{"mean":{"confidence_interval":{"confidence_level":0.95,"lower_bound":683273062.4835,"upper_bound":691098908.4935},"point_estimate":686760470.15,"standard_error":2008226.796666472},"median":{"confidence_interval":{"confidence_level":0.95,"lower_bound":679770132.0,"upper_bound":684819576.0},"point_estimate":681577202.5,"standard_error":1184199.814551595},"median_abs_dev":{"confidence_interval":{"confidence_level":0.95,"lower_bound":8146053.634178638,"upper_bound":14945498.03596437},"point_estimate":11184541.463434696,"standard_error":1885557.633171964},"slope":null,"std_dev":{"confidence_interval":{"confidence_level":0.95,"lower_bound":11283957.011068245,"upper_bound":29848927.19028595},"point_estimate":20253072.507906985,"standard_error":5521989.684820535}}