{"mean":{"confidence_interval":{"confidence_level":0.95,"lower_bound":393248562.6815,"upper_bound":408569666.71},"point_estimate":400563418.11,"standard_error":3906453.0956242946},"median":{"confidence_interval":{"confidence_level":0.95,"lower_bound":379321671.0,"upper_bound":385524364.0},"point_estimate":381057327.0,"standard_error":1489734.0661092454},"median_abs_dev":{"confidence_interval":{"confidence_level":0.95,"lower_bound":7335121.856975555,"upper_bound":18193717.75628192},"point_estimate":11495181.740319729,"standard_error":2595327.842375968},"slope":null,"std_dev":{"confidence_interval":{"confidence_level":0.95,"lower_bound":29906362.6675173,"upper_bound":47130834.55020895},"point_estimate":39171725.609630905,"standard_error":4411656.845173736}}