{"mean":{"confidence_interval":{"confidence_level":0.95,"lower_bound":22269803.31941668,"upper_bound":22802632.54000001},"point_estimate":22535221.766666673,"standard_error":135698.7228780058},"median":{"confidence_interval":{"confidence_level":0.95,"lower_bound":22280539.166666664,"upper_bound":22760473.5},"point_estimate":22568076.833333332,"standard_error":111035.49709008695},"median_abs_dev":{"confidence_interval":{"confidence_level":0.95,"lower_bound":759056.9261090456,"upper_bound":1512452.1241486128},"point_estimate":1182640.5941039314,"standard_error":203509.9073454402},"slope":null,"std_dev":{"confidence_interval":{"confidence_level":0.95,"lower_bound":1086964.036469579,"upper_bound":1634576.014236639},"point_estimate":1371233.0132464203,"standard_error":141119.12163431977}}