{"mean":{"confidence_interval":{"confidence_level":0.95,"lower_bound":234292694.82,"upper_bound":237048321.52},"point_estimate":235613949.07,"standard_error":704665.4218773614},"median":{"confidence_interval":{"confidence_level":0.95,"lower_bound":233795096.5,"upper_bound":235544004.0},"point_estimate":234710057.5,"standard_error":532688.7746072547},"median_abs_dev":{"confidence_interval":{"confidence_level":0.95,"lower_bound":3533533.1495672464,"upper_bound":6240760.8682968365},"point_estimate":4541228.182277083,"standard_error":696701.5526825811},"slope":null,"std_dev":{"confidence_interval":{"confidence_level":0.95,"lower_bound":5298372.519765113,"upper_bound":8744649.173941817},"point_estimate":7116687.461496121,"standard_error":885520.6700944412}}