{"mean":{"confidence_interval":{"confidence_level":0.95,"lower_bound":229332464.40000004,"upper_bound":235025563.53333336},"point_estimate":232151199.6,"standard_error":1459276.339570108},"median":{"confidence_interval":{"confidence_level":0.95,"lower_bound":229030890.66666666,"upper_bound":237138065.66666666},"point_estimate":230263553.16666666,"standard_error":2418403.7065260885},"median_abs_dev":{"confidence_interval":{"confidence_level":0.95,"lower_bound":226071.53888641315,"upper_bound":8417140.120565906},"point_estimate":5425079.415285587,"standard_error":2259920.122843565},"slope":null,"std_dev":{"confidence_interval":{"confidence_level":0.95,"lower_bound":3030663.9698368576,"upper_bound":6010258.092450859},"point_estimate":4873253.77781612,"standard_error":777231.4762638914}}