{"mean":{"confidence_interval":{"confidence_level":0.95,"lower_bound":4800614504508.2,"upper_bound":4806679170779.9},"point_estimate":4803567834461.5,"standard_error":1554128304.071206},"median":{"confidence_interval":{"confidence_level":0.95,"lower_bound":4798516271045.0,"upper_bound":4808587288021.0},"point_estimate":4803728158190.5,"standard_error":2793217086.572336},"median_abs_dev":{"confidence_interval":{"confidence_level":0.95,"lower_bound":131026364.24491704,"upper_bound":9053388146.23323},"point_estimate":7624341550.93858,"standard_error":2589469652.2577596},"slope":null,"std_dev":{"confidence_interval":{"confidence_level":0.95,"lower_bound":3172979276.6439137,"upper_bound":6147233324.6366005},"point_estimate":5174924818.953937,"standard_error":766679107.3955495}}