{"mean":{"confidence_interval":{"confidence_level":0.95,"lower_bound":2207481.12928125,"upper_bound":2318663.311666667},"point_estimate":2261509.3266666657,"standard_error":28344.030942775127},"median":{"confidence_interval":{"confidence_level":0.95,"lower_bound":2047396.4583333333,"upper_bound":2233286.291666667},"point_estimate":2115159.541666667,"standard_error":56231.01033781959},"median_abs_dev":{"confidence_interval":{"confidence_level":0.95,"lower_bound":39414.549650251865,"upper_bound":287870.0285052226},"point_estimate":136565.5576504771,"standard_error":75854.65281260383},"slope":null,"std_dev":{"confidence_interval":{"confidence_level":0.95,"lower_bound":240120.53834528726,"upper_bound":324250.44007674756},"point_estimate":285723.698342547,"standard_error":21427.719141300688}}