{"mean":{"confidence_interval":{"confidence_level":0.95,"lower_bound":5274179.179166668,"upper_bound":5390355.870833333},"point_estimate":5332459.015833332,"standard_error":29312.207722973544},"median":{"confidence_interval":{"confidence_level":0.95,"lower_bound":5305725.246875001,"upper_bound":5415489.0},"point_estimate":5368736.583333334,"standard_error":29612.03292542096},"median_abs_dev":{"confidence_interval":{"confidence_level":0.95,"lower_bound":149853.66878956463,"upper_bound":259023.3117014165},"point_estimate":189098.95494282246,"standard_error":27799.292154169012},"slope":null,"std_dev":{"confidence_interval":{"confidence_level":0.95,"lower_bound":237283.33168299226,"upper_bound":353898.5137467895},"point_estimate":297219.8202193788,"standard_error":29940.415171448036}}