{"mean":{"confidence_interval":{"confidence_level":0.95,"lower_bound":2394109308.41,"upper_bound":2404322375.31},"point_estimate":2399170886.95,"standard_error":2596307.966987218},"median":{"confidence_interval":{"confidence_level":0.95,"lower_bound":2392777289.0,"upper_bound":2405506985.0},"point_estimate":2399112190.5,"standard_error":2793087.768585612},"median_abs_dev":{"confidence_interval":{"confidence_level":0.95,"lower_bound":19813159.15004611,"upper_bound":29868470.189228654},"point_estimate":24970620.37448287,"standard_error":2440274.4345533717},"slope":null,"std_dev":{"confidence_interval":{"confidence_level":0.95,"lower_bound":22065162.061340526,"upper_bound":29836077.13754422},"point_estimate":26173925.664542053,"standard_error":1987709.0068921323}}