{"mean":{"confidence_interval":{"confidence_level":0.95,"lower_bound":8588542.838571426,"upper_bound":8834996.763428574},"point_estimate":8696385.917142855,"standard_error":63854.27409144092},"median":{"confidence_interval":{"confidence_level":0.95,"lower_bound":8546023.285714285,"upper_bound":8636458.785714285},"point_estimate":8586913.42857143,"standard_error":24274.73438820975},"median_abs_dev":{"confidence_interval":{"confidence_level":0.95,"lower_bound":160328.8906535934,"upper_bound":301894.52554030274},"point_estimate":212409.55662897753,"standard_error":36235.77581692741},"slope":null,"std_dev":{"confidence_interval":{"confidence_level":0.95,"lower_bound":224418.75533617477,"upper_bound":974474.3238743823},"point_estimate":643689.0190827865,"standard_error":195479.39324866026}}