{"mean":{"confidence_interval":{"confidence_level":0.95,"lower_bound":5003957.819136364,"upper_bound":5149622.719454546},"point_estimate":5074446.037272728,"standard_error":37008.10629208968},"median":{"confidence_interval":{"confidence_level":0.95,"lower_bound":4882988.545454545,"upper_bound":5022512.181818182},"point_estimate":4929272.272727273,"standard_error":40917.48762859794},"median_abs_dev":{"confidence_interval":{"confidence_level":0.95,"lower_bound":160080.5647852741,"upper_bound":334216.5142755617},"point_estimate":253990.13189077377,"standard_error":46643.243649727236},"slope":null,"std_dev":{"confidence_interval":{"confidence_level":0.95,"lower_bound":296110.9696791691,"upper_bound":438429.27647842665},"point_estimate":371369.4981790307,"standard_error":36258.3671787461}}