{"mean":{"confidence_interval":{"confidence_level":0.95,"lower_bound":0.2219003736233407,"upper_bound":0.4808759647506305},"point_estimate":0.3332693600437171,"standard_error":0.06701238797426891},"median":{"confidence_interval":{"confidence_level":0.95,"lower_bound":0.21215226629287343,"upper_bound":0.36770944043904086},"point_estimate":0.3472135339497122,"standard_error":0.041127095368759484}}