{"mean":{"confidence_interval":{"confidence_level":0.95,"lower_bound":31067193714.535,"upper_bound":31349745760.0},"point_estimate":31218118107.5,"standard_error":72861217.17797364},"median":{"confidence_interval":{"confidence_level":0.95,"lower_bound":31036708678.5,"upper_bound":31413612602.5},"point_estimate":31219904104.0,"standard_error":88311112.75118753},"median_abs_dev":{"confidence_interval":{"confidence_level":0.95,"lower_bound":16314830.336853862,"upper_bound":409580233.9972973},"point_estimate":265384959.40407515,"standard_error":110273792.5266487},"slope":null,"std_dev":{"confidence_interval":{"confidence_level":0.95,"lower_bound":107720066.56555147,"upper_bound":310781764.9539503},"point_estimate":242717297.187436,"standard_error":52821904.59437299}}