{"mean":{"confidence_interval":{"confidence_level":0.95,"lower_bound":89787086.91,"upper_bound":94285407.14750001},"point_estimate":91666056.57,"standard_error":1168987.7366732482},"median":{"confidence_interval":{"confidence_level":0.95,"lower_bound":88940541.0,"upper_bound":91031731.0},"point_estimate":89782996.0,"standard_error":558119.3458387488},"median_abs_dev":{"confidence_interval":{"confidence_level":0.95,"lower_bound":3072605.4198503494,"upper_bound":4721553.851875663},"point_estimate":4145875.1080960035,"standard_error":408853.8991981804},"slope":null,"std_dev":{"confidence_interval":{"confidence_level":0.95,"lower_bound":3199715.4297890146,"upper_bound":18858851.617252287},"point_estimate":11897195.595440878,"standard_error":4301089.288748318}}