{"mean":{"confidence_interval":{"confidence_level":0.95,"lower_bound":401585652.25,"upper_bound":421267233.75},"point_estimate":410999887.93,"standard_error":5036893.251197442},"median":{"confidence_interval":{"confidence_level":0.95,"lower_bound":382897277.0,"upper_bound":398059021.5},"point_estimate":386735289.5,"standard_error":3759798.4226700687},"median_abs_dev":{"confidence_interval":{"confidence_level":0.95,"lower_bound":9703854.043722153,"upper_bound":30152891.778996643},"point_estimate":16545434.678059816,"standard_error":5214245.427977531},"slope":null,"std_dev":{"confidence_interval":{"confidence_level":0.95,"lower_bound":39593912.99952319,"upper_bound":60184460.05045516},"point_estimate":50623257.29620645,"standard_error":5268982.209106118}}