{"mean":{"confidence_interval":{"confidence_level":0.95,"lower_bound":264404556.17,"upper_bound":270029084.34725},"point_estimate":267214958.63,"standard_error":1430765.0663958096},"median":{"confidence_interval":{"confidence_level":0.95,"lower_bound":264658620.0,"upper_bound":269358474.0},"point_estimate":267874028.0,"standard_error":1224338.521962051},"median_abs_dev":{"confidence_interval":{"confidence_level":0.95,"lower_bound":8730972.68229425,"upper_bound":15217518.807435036},"point_estimate":11481924.331355095,"standard_error":1589438.3135392093},"slope":null,"std_dev":{"confidence_interval":{"confidence_level":0.95,"lower_bound":11451902.222814059,"upper_bound":17487777.297887538},"point_estimate":14484277.544578452,"standard_error":1545967.867493328}}