{"mean":{"confidence_interval":{"confidence_level":0.95,"lower_bound":81931076.93625,"upper_bound":84113238.61625001},"point_estimate":82829361.68,"standard_error":565151.855663938},"median":{"confidence_interval":{"confidence_level":0.95,"lower_bound":81215922.0,"upper_bound":82606053.0},"point_estimate":81931350.5,"standard_error":308892.53900436446},"median_abs_dev":{"confidence_interval":{"confidence_level":0.95,"lower_bound":1838289.0507638454,"upper_bound":3026783.443763852},"point_estimate":2586798.921275139,"standard_error":309672.6644464202},"slope":null,"std_dev":{"confidence_interval":{"confidence_level":0.95,"lower_bound":2311579.694931272,"upper_bound":9001162.110645488},"point_estimate":5644981.852584298,"standard_error":2189797.9861289808}}