{"mean":{"confidence_interval":{"confidence_level":0.95,"lower_bound":2731780.724440476,"upper_bound":2846294.703690476},"point_estimate":2785222.2804761906,"standard_error":29367.277660604705},"median":{"confidence_interval":{"confidence_level":0.95,"lower_bound":2662936.523809524,"upper_bound":2720635.6666666665},"point_estimate":2684539.0,"standard_error":16381.232207315907},"median_abs_dev":{"confidence_interval":{"confidence_level":0.95,"lower_bound":69379.81896826193,"upper_bound":136153.6940252884},"point_estimate":93794.49873481474,"standard_error":15760.368675063924},"slope":null,"std_dev":{"confidence_interval":{"confidence_level":0.95,"lower_bound":195803.79251124206,"upper_bound":371545.1499045292},"point_estimate":292161.61511704786,"standard_error":44690.329405036035}}