{"mean":{"confidence_interval":{"confidence_level":0.95,"lower_bound":250949568.00149998,"upper_bound":313445498.64225},"point_estimate":281584589.54,"standard_error":15943606.107480556},"median":{"confidence_interval":{"confidence_level":0.95,"lower_bound":221097743.0,"upper_bound":290839862.0},"point_estimate":239353174.0,"standard_error":20855978.391641144},"median_abs_dev":{"confidence_interval":{"confidence_level":0.95,"lower_bound":103202882.00568259,"upper_bound":188400442.86535332},"point_estimate":134319218.0451572,"standard_error":21099320.757382803},"slope":null,"std_dev":{"confidence_interval":{"confidence_level":0.95,"lower_bound":134781338.1097709,"upper_bound":181858095.29696098},"point_estimate":159458324.05534312,"standard_error":12078442.431288645}}