{"mean":{"confidence_interval":{"confidence_level":0.95,"lower_bound":29517848.593625,"upper_bound":31181114.263125002},"point_estimate":30212478.36,"standard_error":431929.0035703511},"median":{"confidence_interval":{"confidence_level":0.95,"lower_bound":28960963.25,"upper_bound":29509799.0},"point_estimate":29216696.25,"standard_error":167608.97034112207},"median_abs_dev":{"confidence_interval":{"confidence_level":0.95,"lower_bound":975622.6887792349,"upper_bound":1892510.6970012188},"point_estimate":1519311.0022768378,"standard_error":224391.5044395533},"slope":null,"std_dev":{"confidence_interval":{"confidence_level":0.95,"lower_bound":1747799.6733096975,"upper_bound":6875770.765963915},"point_estimate":4346903.271434588,"standard_error":1614802.1138007985}}