{"mean":{"confidence_interval":{"confidence_level":0.95,"lower_bound":1758338861.0,"upper_bound":1878071555.7299998},"point_estimate":1818727000.9,"standard_error":30650795.864248488},"median":{"confidence_interval":{"confidence_level":0.95,"lower_bound":1732421500.0,"upper_bound":1901060556.0},"point_estimate":1830266954.5,"standard_error":36453128.870354906},"median_abs_dev":{"confidence_interval":{"confidence_level":0.95,"lower_bound":10927212.516403198,"upper_bound":191878041.1502838},"point_estimate":90830849.12813008,"standard_error":51432094.2690317},"slope":null,"std_dev":{"confidence_interval":{"confidence_level":0.95,"lower_bound":57033353.766413465,"upper_bound":127557048.85328034},"point_estimate":101423315.6904965,"standard_error":18125618.484573193}}