{"mean":{"confidence_interval":{"confidence_level":0.95,"lower_bound":739001196.02125,"upper_bound":893167267.39},"point_estimate":814414273.52,"standard_error":39308053.57333714},"median":{"confidence_interval":{"confidence_level":0.95,"lower_bound":599593493.0,"upper_bound":829048181.0},"point_estimate":722645091.0,"standard_error":53194272.51976697},"median_abs_dev":{"confidence_interval":{"confidence_level":0.95,"lower_bound":256378011.85618043,"upper_bound":456056872.858572},"point_estimate":349978665.37463665,"standard_error":51471480.18690057},"slope":null,"std_dev":{"confidence_interval":{"confidence_level":0.95,"lower_bound":334045946.5790985,"upper_bound":446929138.9040921},"point_estimate":394567845.8629154,"standard_error":29027384.423812464}}