{"mean":{"confidence_interval":{"confidence_level":0.95,"lower_bound":5422768.896150001,"upper_bound":5553756.4262500005},"point_estimate":5487857.475,"standard_error":33265.593550167236},"median":{"confidence_interval":{"confidence_level":0.95,"lower_bound":5360466.85,"upper_bound":5582785.699999999},"point_estimate":5475608.1,"standard_error":59622.707145686814},"median_abs_dev":{"confidence_interval":{"confidence_level":0.95,"lower_bound":257401.5944302082,"upper_bound":402740.6493131739},"point_estimate":332846.28864079714,"standard_error":36376.39217434764},"slope":null,"std_dev":{"confidence_interval":{"confidence_level":0.95,"lower_bound":285347.8722526604,"upper_bound":374991.0745284245},"point_estimate":333356.75647470716,"standard_error":22740.491650059663}}