{"mean":{"confidence_interval":{"confidence_level":0.95,"lower_bound":236322907.2,"upper_bound":272622915.38249993},"point_estimate":252817100.1,"standard_error":9365564.924608415},"median":{"confidence_interval":{"confidence_level":0.95,"lower_bound":231016895.5,"upper_bound":272461972.0},"point_estimate":238900744.0,"standard_error":10018246.188850025},"median_abs_dev":{"confidence_interval":{"confidence_level":0.95,"lower_bound":1522302.5183737278,"upper_bound":46125751.92550421},"point_estimate":19592378.51626575,"standard_error":10490106.382519819},"slope":null,"std_dev":{"confidence_interval":{"confidence_level":0.95,"lower_bound":9301184.864483155,"upper_bound":39829267.60077781},"point_estimate":31550227.602280673,"standard_error":7932872.100238515}}