{"mean":{"confidence_interval":{"confidence_level":0.95,"lower_bound":-0.06594410045565828,"upper_bound":-0.0381073993045459},"point_estimate":-0.05213659558263051,"standard_error":0.007098824092118842},"median":{"confidence_interval":{"confidence_level":0.95,"lower_bound":-0.0644682983116153,"upper_bound":-0.04525875436433202},"point_estimate":-0.05609757927899772,"standard_error":0.004868020553552141}}