{"mean":{"confidence_interval":{"confidence_level":0.95,"lower_bound":3955210948.7515,"upper_bound":3995902811.3785},"point_estimate":3975079742.4,"standard_error":10345067.083550273},"median":{"confidence_interval":{"confidence_level":0.95,"lower_bound":3947067959.0,"upper_bound":4007534197.0},"point_estimate":3981523571.5,"standard_error":13944821.005061438},"median_abs_dev":{"confidence_interval":{"confidence_level":0.95,"lower_bound":66616027.085629106,"upper_bound":111786178.09369862},"point_estimate":90192382.27546513,"standard_error":11910597.868572015},"slope":null,"std_dev":{"confidence_interval":{"confidence_level":0.95,"lower_bound":84245592.93939038,"upper_bound":124969894.66725552},"point_estimate":104364222.46504103,"standard_error":10505622.436440479}}