{"mean":{"confidence_interval":{"confidence_level":0.95,"lower_bound":11511168.062000003,"upper_bound":11769674.304299995},"point_estimate":11627679.869999997,"standard_error":66370.4925943043},"median":{"confidence_interval":{"confidence_level":0.95,"lower_bound":11307890.8,"upper_bound":11558653.1},"point_estimate":11488870.1,"standard_error":63381.6902079538},"median_abs_dev":{"confidence_interval":{"confidence_level":0.95,"lower_bound":211889.18521821473,"upper_bound":475830.23161232553},"point_estimate":390702.15806365013,"standard_error":71391.0170984363},"slope":null,"std_dev":{"confidence_interval":{"confidence_level":0.95,"lower_bound":342082.2766360185,"upper_bound":964213.8911276708},"point_estimate":669153.8275447075,"standard_error":164606.19874203068}}