{"mean":{"confidence_interval":{"confidence_level":0.95,"lower_bound":17410461.7,"upper_bound":18108891.1075},"point_estimate":17742122.4,"standard_error":178644.64397588884},"median":{"confidence_interval":{"confidence_level":0.95,"lower_bound":17286040.5,"upper_bound":18204894.5},"point_estimate":17648443.0,"standard_error":236139.7548296603},"median_abs_dev":{"confidence_interval":{"confidence_level":0.95,"lower_bound":24972.17265665531,"upper_bound":1007348.1043159962},"point_estimate":384892.5900667906,"standard_error":253660.6140321243},"slope":null,"std_dev":{"confidence_interval":{"confidence_level":0.95,"lower_bound":290670.53064373607,"upper_bound":764852.830013483},"point_estimate":598244.5031661293,"standard_error":121059.65301559256}}