{"mean":{"confidence_interval":{"confidence_level":0.95,"lower_bound":5964758.804,"upper_bound":6248600.718181819},"point_estimate":6106795.400909093,"standard_error":72760.33232642991},"median":{"confidence_interval":{"confidence_level":0.95,"lower_bound":6008364.818181818,"upper_bound":6237145.909090909},"point_estimate":6158142.272727273,"standard_error":57533.82927188906},"median_abs_dev":{"confidence_interval":{"confidence_level":0.95,"lower_bound":358436.20005466737,"upper_bound":742560.2642078297},"point_estimate":553689.8992245859,"standard_error":100434.82772736222},"slope":null,"std_dev":{"confidence_interval":{"confidence_level":0.95,"lower_bound":603471.1796569417,"upper_bound":846757.3287737322},"point_estimate":732681.2701645362,"standard_error":62159.98307136995}}