{"mean":{"confidence_interval":{"confidence_level":0.95,"lower_bound":1210227420867.095,"upper_bound":1215681068050.6},"point_estimate":1212865209544.3,"standard_error":1399467460.5279887},"median":{"confidence_interval":{"confidence_level":0.95,"lower_bound":1209403996725.0,"upper_bound":1216281164122.5},"point_estimate":1212524346256.5,"standard_error":1574183992.7320657},"median_abs_dev":{"confidence_interval":{"confidence_level":0.95,"lower_bound":1036234556.6214591,"upper_bound":8165847356.443029},"point_estimate":4082154224.4024754,"standard_error":1877741174.9427657},"slope":null,"std_dev":{"confidence_interval":{"confidence_level":0.95,"lower_bound":2387199710.993297,"upper_bound":5981653368.335461},"point_estimate":4661653068.504653,"standard_error":930097363.3206617}}