{"mean":{"confidence_interval":{"confidence_level":0.95,"lower_bound":27885782.96,"upper_bound":28362846.104375},"point_estimate":28120986.945,"standard_error":121793.53617450583},"median":{"confidence_interval":{"confidence_level":0.95,"lower_bound":27663554.25,"upper_bound":28186336.0},"point_estimate":27910332.75,"standard_error":130526.49586425385},"median_abs_dev":{"confidence_interval":{"confidence_level":0.95,"lower_bound":815143.8437283039,"upper_bound":1482816.0626247525},"point_estimate":1104682.2751879692,"standard_error":174585.9596034246},"slope":null,"std_dev":{"confidence_interval":{"confidence_level":0.95,"lower_bound":1036968.7530724377,"upper_bound":1375897.1389633592},"point_estimate":1215974.8705351667,"standard_error":86561.38485842812}}