{"mean":{"confidence_interval":{"confidence_level":0.95,"lower_bound":7705232.811428572,"upper_bound":7834447.181678571},"point_estimate":7764469.005714281,"standard_error":32891.61148254272},"median":{"confidence_interval":{"confidence_level":0.95,"lower_bound":7612837.571428572,"upper_bound":7770922.428571429},"point_estimate":7690556.785714285,"standard_error":49384.82626207892},"median_abs_dev":{"confidence_interval":{"confidence_level":0.95,"lower_bound":158906.23007885145,"upper_bound":265405.6221881095},"point_estimate":226322.38068197542,"standard_error":28015.508941973032},"slope":null,"std_dev":{"confidence_interval":{"confidence_level":0.95,"lower_bound":204661.8242829481,"upper_bound":463008.13379905943},"point_estimate":328384.8214741104,"standard_error":74497.9185907434}}