{"mean":{"confidence_interval":{"confidence_level":0.95,"lower_bound":7806178.948464285,"upper_bound":8164749.892857142},"point_estimate":7989869.232857143,"standard_error":91172.67295502874},"median":{"confidence_interval":{"confidence_level":0.95,"lower_bound":7968374.285714285,"upper_bound":8279726.0},"point_estimate":8125271.428571429,"standard_error":83924.90947997785},"median_abs_dev":{"confidence_interval":{"confidence_level":0.95,"lower_bound":687551.7135935166,"upper_bound":1162962.6447532878},"point_estimate":990036.6316233354,"standard_error":115268.41326860439},"slope":null,"std_dev":{"confidence_interval":{"confidence_level":0.95,"lower_bound":777712.872320839,"upper_bound":1043731.7889612765},"point_estimate":919285.876247838,"standard_error":67895.44613848424}}