{"mean":{"confidence_interval":{"confidence_level":0.95,"lower_bound":13045139631.728498,"upper_bound":13087715268.57},"point_estimate":13066240824.29,"standard_error":10856633.655923625},"median":{"confidence_interval":{"confidence_level":0.95,"lower_bound":13034357818.5,"upper_bound":13082481876.0},"point_estimate":13060862684.0,"standard_error":13462024.746984206},"median_abs_dev":{"confidence_interval":{"confidence_level":0.95,"lower_bound":69811362.87260056,"upper_bound":130292942.79433787},"point_estimate":91346315.03917873,"standard_error":15357758.218878333},"slope":null,"std_dev":{"confidence_interval":{"confidence_level":0.95,"lower_bound":89542027.3328532,"upper_bound":130358288.50913519},"point_estimate":109658628.25876212,"standard_error":10580654.342230111}}