{"mean":{"confidence_interval":{"confidence_level":0.95,"lower_bound":20500296.802666664,"upper_bound":20955902.05983334},"point_estimate":20722462.036666658,"standard_error":117243.47322526267},"median":{"confidence_interval":{"confidence_level":0.95,"lower_bound":20448936.333333332,"upper_bound":20890606.666666664},"point_estimate":20782603.5,"standard_error":103260.9618315513},"median_abs_dev":{"confidence_interval":{"confidence_level":0.95,"lower_bound":552611.143759197,"upper_bound":833445.5520033818},"point_estimate":651323.2183367014,"standard_error":67292.42343756535},"slope":null,"std_dev":{"confidence_interval":{"confidence_level":0.95,"lower_bound":849225.3542986691,"upper_bound":1488112.6831422267},"point_estimate":1184514.3849741062,"standard_error":164195.58048825755}}