{"mean":{"confidence_interval":{"confidence_level":0.95,"lower_bound":9263489.673071427,"upper_bound":9465768.145714289},"point_estimate":9364018.669999998,"standard_error":51571.597062497065},"median":{"confidence_interval":{"confidence_level":0.95,"lower_bound":9300242.57142857,"upper_bound":9391387.0},"point_estimate":9350343.0,"standard_error":23465.496705191217},"median_abs_dev":{"confidence_interval":{"confidence_level":0.95,"lower_bound":183059.4780500454,"upper_bound":330505.21033236},"point_estimate":240622.05742810474,"standard_error":36360.46592999047},"slope":null,"std_dev":{"confidence_interval":{"confidence_level":0.95,"lower_bound":389236.83542857994,"upper_bound":626033.2799003111},"point_estimate":516411.3622490998,"standard_error":60130.3149899498}}