{"mean":{"confidence_interval":{"confidence_level":0.95,"lower_bound":15659758.96666667,"upper_bound":22401478.05999999},"point_estimate":18712279.87666667,"standard_error":1729486.2199672803},"median":{"confidence_interval":{"confidence_level":0.95,"lower_bound":12082985.833333332,"upper_bound":15168194.666666666},"point_estimate":13753368.5,"standard_error":832372.9626999083},"median_abs_dev":{"confidence_interval":{"confidence_level":0.95,"lower_bound":5040598.988011479,"upper_bound":9648442.8581059},"point_estimate":8228671.7648118725,"standard_error":1218940.4573713432},"slope":null,"std_dev":{"confidence_interval":{"confidence_level":0.95,"lower_bound":10035935.85629844,"upper_bound":25195460.40286419},"point_estimate":17511578.60132114,"standard_error":4250746.877910847}}