{"mean":{"confidence_interval":{"confidence_level":0.95,"lower_bound":397897328.18724996,"upper_bound":402306024.33675},"point_estimate":399994304.74,"standard_error":1126428.3982765556},"median":{"confidence_interval":{"confidence_level":0.95,"lower_bound":396649668.0,"upper_bound":398890154.0},"point_estimate":397669041.0,"standard_error":491722.47709290765},"median_abs_dev":{"confidence_interval":{"confidence_level":0.95,"lower_bound":3140694.5649415255,"upper_bound":5564944.190302491},"point_estimate":3830789.2551898956,"standard_error":616838.4866673042},"slope":null,"std_dev":{"confidence_interval":{"confidence_level":0.95,"lower_bound":8560137.69146306,"upper_bound":13654973.039692989},"point_estimate":11325062.384087909,"standard_error":1300017.591876971}}