{"mean":{"confidence_interval":{"confidence_level":0.95,"lower_bound":4919084.782865384,"upper_bound":5058579.746403847},"point_estimate":4983766.253846154,"standard_error":35343.05358505539},"median":{"confidence_interval":{"confidence_level":0.95,"lower_bound":4860722.807692308,"upper_bound":4943077.0},"point_estimate":4904618.846153846,"standard_error":23229.165496653062},"median_abs_dev":{"confidence_interval":{"confidence_level":0.95,"lower_bound":119391.29109980393,"upper_bound":223414.70072590408},"point_estimate":158483.72167096662,"standard_error":26742.369042212642},"slope":null,"std_dev":{"confidence_interval":{"confidence_level":0.95,"lower_bound":221164.3893665092,"upper_bound":473224.7224008104},"point_estimate":356532.43335219915,"standard_error":64336.00524348118}}