{"mean":{"confidence_interval":{"confidence_level":0.95,"lower_bound":5259814.343333335,"upper_bound":5360461.110833334},"point_estimate":5310476.5375000015,"standard_error":25838.56518009915},"median":{"confidence_interval":{"confidence_level":0.95,"lower_bound":5265957.583333334,"upper_bound":5364420.166666667},"point_estimate":5322102.125,"standard_error":23918.697172583186},"median_abs_dev":{"confidence_interval":{"confidence_level":0.95,"lower_bound":131739.20053616166,"upper_bound":196505.28311133521},"point_estimate":167682.4894480405,"standard_error":16479.534530537687},"slope":null,"std_dev":{"confidence_interval":{"confidence_level":0.95,"lower_bound":192804.72438274702,"upper_bound":316940.5372980978},"point_estimate":259171.9537834649,"standard_error":32447.700011559784}}