{"mean":{"confidence_interval":{"confidence_level":0.95,"lower_bound":0.5464306942341961,"upper_bound":0.6332847334568338},"point_estimate":0.5891559369599031,"standard_error":0.02224870176596402},"median":{"confidence_interval":{"confidence_level":0.95,"lower_bound":0.5372942673718499,"upper_bound":0.6506641391794121},"point_estimate":0.5855010609644802,"standard_error":0.02709500340147811}}