{"mean":{"confidence_interval":{"confidence_level":0.95,"lower_bound":31172878.38,"upper_bound":37012945.8},"point_estimate":33476949.3,"standard_error":1582368.7528147253},"median":{"confidence_interval":{"confidence_level":0.95,"lower_bound":30718992.5,"upper_bound":33189067.0},"point_estimate":32581147.5,"standard_error":610960.318005156},"median_abs_dev":{"confidence_interval":{"confidence_level":0.95,"lower_bound":65545.74483633041,"upper_bound":3969696.270623803},"point_estimate":1040193.6241328716,"standard_error":1059019.2272801688},"slope":null,"std_dev":{"confidence_interval":{"confidence_level":0.95,"lower_bound":724111.3885485871,"upper_bound":8057289.518457598},"point_estimate":5300810.812925909,"standard_error":2367037.699466072}}