{"mean":{"confidence_interval":{"confidence_level":0.95,"lower_bound":24174925.4725,"upper_bound":26182279.7},"point_estimate":25108916.7,"standard_error":517714.1704182778},"median":{"confidence_interval":{"confidence_level":0.95,"lower_bound":23858682.0,"upper_bound":26375188.0},"point_estimate":24184100.5,"standard_error":718647.4039045235},"median_abs_dev":{"confidence_interval":{"confidence_level":0.95,"lower_bound":123016.5089160204,"upper_bound":2659128.3022910357},"point_estimate":828104.7326982021,"standard_error":734792.4923987042},"slope":null,"std_dev":{"confidence_interval":{"confidence_level":0.95,"lower_bound":649872.107906035,"upper_bound":2174115.5999951037},"point_estimate":1738350.545363433,"standard_error":374306.79609742033}}